duplicate_scope,duplicate_group,new_image,new_class,new_species,matching_image,matching_dataset,matching_split,sha256,reconfirmed
INTERNAL,EXACT0001,Venomous/Saw-scaled Viper/IMG_4386-2.jpg,Venomous,Saw-scaled Viper,Venomous/Russell's Viper/IMG_4386-2.jpg,NEW_SNAKE_DATASET,NOT_APPLICABLE,83ea1a4f9ec9d76f6342af190a5eefb778677eef86d34c87d47bc5dcab13d0b4,True
INTERNAL,EXACT0002,Venomous/Saw-scaled Viper/5207091.jpg,Venomous,Saw-scaled Viper,Venomous/Russell's Viper/5207091.jpg,NEW_SNAKE_DATASET,NOT_APPLICABLE,aa4fadd34a852ce132cb2ac14f72df1c879d49f649b6993d522db087e83c573d,True
INTERNAL,EXACT0003,Venomous/Saw-scaled Viper/5384096c1c063.jpg,Venomous,Saw-scaled Viper,Venomous/Russell's Viper/5384096c1c063.jpg,NEW_SNAKE_DATASET,NOT_APPLICABLE,d0c904680f55d010f3be3bf2802dbf20ba200e95a5c499f92df0de0e5fb717ec,True
INTERNAL,EXACT0004,Venomous/Saw-scaled Viper/5384077d7fe23.jpg,Venomous,Saw-scaled Viper,Venomous/Russell's Viper/5384077d7fe23.jpg,NEW_SNAKE_DATASET,NOT_APPLICABLE,ebc69a87faca1b76babeada644dbba7d1d4ae78d9d9a1fd1f70b4b04dabfd179,True
EXISTING,EXISTING_9dd5ee56664d,Venomous/Common Krait/wolf.jpg,Venomous,Common Krait,validation/Venomous_Snake/wolf.jpg,clean_dataset,VALIDATION,9dd5ee56664d211836f39f722933b192ce937b66a02fd9ec3e59c3471cd76bd1,True
EXISTING,EXISTING_843a81a4ea44,Venomous/King Cobra/_85349739_hi000324519.jpg,Venomous,King Cobra,train/Venomous_Snake/_85349739_hi000324519.jpg,clean_dataset,TRAIN,843a81a4ea447354a1dc2ed4d38557d857e1b2e03e83b6091e4c7740a5307588,True
EXISTING,EXISTING_64ce404779ad,Venomous/King Cobra/Z7850200-King_Cobra-SPL.jpg,Venomous,King Cobra,train/Venomous_Snake/Z7850200-King_Cobra-SPL.jpg,clean_dataset,TRAIN,64ce404779ad5329f832e9e70cff7d8009a2bc76237fd788e5f75fd0874232d9,True
EXISTING,EXISTING_759ae8d42bc4,Venomous/King Cobra/ZNKH1t.jpg,Venomous,King Cobra,train/Venomous_Snake/ZNKH1t.jpg,clean_dataset,TRAIN,759ae8d42bc43ff0836bb7a60ef12babf7ff231280c3639ad323b7b237534d37,True
EXISTING,EXISTING_dfed48913a9b,Venomous/Russell's Viper/Viper1.jpg,Venomous,Russell's Viper,validation/Venomous_Snake/Viper1.jpg,clean_dataset,VALIDATION,dfed48913a9bb263445a216d3365fc32d12d9f1bccf10118960c7b2255700f9b,True
EXISTING,EXISTING_32dda6a636f0,Venomous/Russell's Viper/viper_1901250f.jpg,Venomous,Russell's Viper,train/Venomous_Snake/viper_1901250f.jpg,clean_dataset,TRAIN,32dda6a636f02e72c00c1a1589678dba0cc9a2b17d96b86688535b54acf7d5d6,True
EXISTING,EXISTING_8b7ee50db6f3,Venomous/Saw-scaled Viper/viper7l.JPG,Venomous,Saw-scaled Viper,train/Venomous_Snake/viper7l.JPG,clean_dataset,TRAIN,8b7ee50db6f326b807853d1130903c7a50b11e17911a1d40924ddfce38b4b77e,True
EXISTING,EXISTING_c9ec58676865,Venomous/Saw-scaled Viper/viper8l.JPG,Venomous,Saw-scaled Viper,train/Venomous_Snake/viper8l.JPG,clean_dataset,TRAIN,c9ec58676865e66c1e96d82135e6b9dde63156d24c96265ce7e97f4201044382,True
EXISTING,EXISTING_5e481a324159,Venomous/Saw-scaled Viper/young-saw-scaled-viper-echis-carinatus-tamil-nadu-south-india-epd0j4.jpg,Venomous,Saw-scaled Viper,train/Venomous_Snake/young-saw-scaled-viper-echis-carinatus-tamil-nadu-south-india-epd0j4.jpg,clean_dataset,TRAIN,5e481a324159ba483c6866962f8825046f5c3cb55063579f5785b507a787e9dc,True
EXISTING,EXISTING_a847391e8bb8,Venomous/Saw-scaled Viper/z_mag-p-23-Sawing.jpg,Venomous,Saw-scaled Viper,train/Venomous_Snake/z_mag-p-23-Sawing.jpg,clean_dataset,TRAIN,a847391e8bb8e3c8a79b2f799b071fec0e5a90a2d678813ef403ce062b8bdf48,True
EXISTING,EXISTING_18ab911364ca,Venomous/Spectacled Cobra/Amazing pictures animals photos Nature exotic incredible funny Zoo danger pics Indian cobra Naja naja Asian cobra spectacled cobra 7.jpeg,Venomous,Spectacled Cobra,train/Venomous_Snake/Amazing pictures animals photos Nature exotic incredible funny Zoo danger pics Indian cobra Naja naja Asian cobra spectacled cobra 7.jpeg,clean_dataset,TRAIN,18ab911364caac1ec20b0e2d944ec5fdb6be5c8f70ea6b57a3ef4a7a4b20c349,True
EXISTING,EXISTING_2b31307cbd47,Venomous/Spectacled Cobra/naja1-e1480951267722.png,Venomous,Spectacled Cobra,train/Venomous_Snake/naja1-e1480951267722.png,clean_dataset,TRAIN,2b31307cbd47c2f28b0ea71537af94efef279fab04e275b730909bf49a214b46,True
EXISTING,EXISTING_84c95df709a2,Venomous/Spectacled Cobra/Najacobra.jpeg.jpeg,Venomous,Spectacled Cobra,train/Venomous_Snake/Najacobra.jpeg.jpeg,clean_dataset,TRAIN,84c95df709a2486501f7b9a31c29745950247780452bc4a13ec97f8baee03b78,True
EXISTING,EXISTING_1d831700c4e9,Venomous/Spectacled Cobra/Young-Indian-cobra.jpg,Venomous,Spectacled Cobra,train/Venomous_Snake/Young-Indian-cobra.jpg,clean_dataset,TRAIN,1d831700c4e945314b67a51b1b1146797b63d6f3bfc7b29d92fcb1ccce033615,True
EXISTING,EXISTING_61763ed632cd,Venomous/Spectacled Cobra/zoology-animals-reptiles-snakes-indian-cobra-naja-naja-two-snakes-b408gx.jpg,Venomous,Spectacled Cobra,train/Venomous_Snake/zoology-animals-reptiles-snakes-indian-cobra-naja-naja-two-snakes-b408gx.jpg,clean_dataset,TRAIN,61763ed632cde85e6b59e4024d09630601ae490a33007a3d0ee7b31517d61c75,True
