image,true_class,keras_predicted_class,tflite_predicted_class,keras_confidence,tflite_confidence,top1_agree,maximum_absolute_probability_difference,mean_absolute_probability_difference
test/Cow/0002.jpg,Cow,Cow,Cow,0.9999998807907104,0.9999998807907104,True,1.5205614545266144e-12,2.2652836366692658e-13
test/Cow/0004.jpg,Cow,Cow,Cow,1.0,1.0,True,1.27675647831893e-15,3.9824294277499277e-16
test/Cow/0005.jpg,Cow,Cow,Cow,0.9999998807907104,0.9999998807907104,True,5.897504706808832e-13,1.3987224464599712e-13
test/Cow/0006.jpg,Cow,Cow,Cow,1.0,1.0,True,1.021405182655144e-13,1.7400763853902754e-14
test/Cow/0009.jpg,Cow,Cow,Cow,1.0,1.0,True,9.71445146547012e-16,1.5220214591715335e-16
test/Cow/0010.jpg,Cow,Cow,Cow,0.9999972581863403,0.9999972581863403,True,2.7284841053187847e-12,3.9949789895459e-13
test/Cow/0011.jpg,Cow,Cow,Cow,1.0,1.0,True,7.7021722333370235e-16,1.3423681533390606e-16
test/Cow/0027.jpg,Cow,Cow,Cow,1.0,1.0,True,3.83026943495679e-15,9.979616188399263e-16
test/Cow/0032.jpg,Cow,Cow,Cow,1.0,1.0,True,1.2878587085651816e-14,2.348443950766989e-15
test/Cow/0046.jpg,Cow,Cow,Cow,1.0,1.0,True,9.592326932761353e-14,1.4150008103435991e-14
test/Cow/0047.jpg,Cow,Cow,Cow,1.0,1.0,True,8.604228440844963e-16,2.054485692754696e-16
test/Cow/0049.jpg,Cow,Cow,Cow,1.0,1.0,True,1.8474111129762605e-13,2.6461719236170814e-14
test/Cow/0071.jpg,Cow,Cow,Cow,1.0,1.0,True,3.2951419370874646e-13,4.97840226616926e-14
test/Cow/0096.jpg,Cow,Cow,Cow,0.9999998807907104,0.9999998807907104,True,3.929301328753354e-12,5.613812908457361e-13
test/Cow/0111.jpg,Cow,Cow,Cow,1.0,1.0,True,2.9753977059954195e-14,5.192879055227048e-15
test/Cow/0115.jpg,Cow,Cow,Cow,0.9996345043182373,0.9996345043182373,True,3.725290298461914e-09,5.343593900697385e-10
test/Cow/0116.jpg,Cow,Cow,Cow,0.999998927116394,0.999998927116394,True,1.1937117960769683e-11,2.296083895930723e-12
test/Cow/0118.jpg,Cow,Cow,Cow,0.999983549118042,0.999983549118042,True,2.0463630789890885e-10,3.191345451791783e-11
test/Cow/0123.jpg,Cow,Cow,Cow,1.0,1.0,True,4.618527782440651e-13,6.687247191541554e-14
test/Cow/0127.jpg,Cow,Cow,Cow,0.9994781613349915,0.9994781613349915,True,5.413312464952469e-09,7.802296031478306e-10
test/Cow/0135.jpg,Cow,Cow,Cow,1.0,1.0,True,1.2967404927621828e-13,2.567966896256397e-14
test/Cow/0164.jpg,Cow,Cow,Cow,0.9939190149307251,0.9939190149307251,True,2.8870999813079834e-08,4.1247809612343644e-09
test/Cow/0201.jpg,Cow,Cow,Cow,1.0,1.0,True,1.249000902703301e-16,1.952743635463531e-17
test/Cow/0220.jpg,Cow,Cow,Cow,1.0,1.0,True,3.859759734048396e-16,1.1201621621677977e-16
test/Cow/0222.jpg,Cow,Cow,Cow,1.0,1.0,True,6.5503158452884236e-15,1.4938672222053234e-15
test/Cow/0226.jpg,Cow,Cow,Cow,1.0,1.0,True,2.6645352591003757e-15,7.162549247860582e-16
test/Cow/0247.jpg,Cow,Cow,Cow,1.0,1.0,True,1.27675647831893e-14,1.8549536618506874e-15
test/Cow/0258.jpg,Cow,Cow,Cow,0.9999994039535522,0.9999994039535522,True,5.059064278611913e-12,7.247449710680309e-13
test/Cow/0274.jpg,Cow,Cow,Cow,0.9999996423721313,0.9999996423721313,True,1.4495071809506044e-12,3.20618152253177e-13
test/Cow/0285.jpg,Cow,Cow,Cow,0.9999998807907104,0.9999998807907104,True,5.46229728115577e-14,1.5599748191342036e-14
test/Cow/0288.jpg,Cow,Cow,Cow,0.999993085861206,0.999993085861206,True,5.275069270282984e-11,1.2665582992121838e-11
test/Cow/0306.jpg,Cow,Cow,Cow,0.9999905824661255,0.9999905824661255,True,8.822098607197404e-11,1.4746062010351224e-11
test/Cow/0329.jpg,Cow,Cow,Cow,1.0,1.0,True,1.7486012637846216e-15,2.854859168365003e-16
test/Cow/0349.jpg,Cow,Cow,Cow,1.0,1.0,True,2.8102520310824275e-16,1.0278236595162582e-16
test/Cow/0350.jpg,Cow,Cow,Cow,1.0,1.0,True,1.1102230246251565e-13,1.7198544902141157e-14
test/Cow/0373.jpg,Cow,Cow,Cow,1.0,1.0,True,1.3100631690576847e-14,2.5867204598184913e-15
test/Cow/0375.jpg,Cow,Cow,Cow,0.9999665021896362,0.9999665021896362,True,2.9103830456733704e-10,6.409907327142861e-11
test/Cow/0382.jpg,Cow,Cow,Cow,1.0,1.0,True,2.5979218776228663e-14,5.189053430920774e-15
test/Cow/0394.jpg,Cow,Cow,Cow,1.0,1.0,True,5.204170427930421e-16,1.7846742000164753e-16
test/Deer/0022.jpg,Deer,Deer,Deer,1.0,1.0,True,7.216449660063518e-15,1.585908998627528e-15
test/Deer/0023.jpg,Deer,Deer,Deer,0.9999990463256836,0.9999990463256836,True,2.5011104298755527e-12,4.672928710647284e-13
test/Deer/0034.jpg,Deer,Deer,Deer,0.999977707862854,0.999977707862854,True,1.4915713109076023e-10,2.7962743232023968e-11
test/Deer/0037.jpg,Deer,Deer,Deer,0.9999998807907104,0.9999998807907104,True,4.547473508864641e-13,6.604557124725158e-14
test/Deer/0038.jpg,Deer,Deer,Deer,0.9999961853027344,0.9999961853027344,True,5.115907697472721e-12,1.1267177512166993e-12
test/Deer/0047.jpg,Deer,Deer,Deer,0.999925971031189,0.999925971031189,True,1.4624674804508686e-09,2.113248187551875e-10
test/Deer/0049.jpg,Deer,Deer,Deer,1.0,1.0,True,1.9317880628477724e-14,2.85775554458858e-15
test/Deer/0066.jpg,Deer,Deer,Deer,0.9999344348907471,0.9999344348907471,True,1.2369127944111824e-10,1.787045164625134e-11
test/Deer/0081.jpg,Deer,Deer,Deer,1.0,1.0,True,2.1760371282653068e-14,4.7753841388219285e-15
test/Deer/0085.jpg,Deer,Deer,Deer,1.0,1.0,True,1.915134717478395e-15,3.170126684217626e-16
test/Deer/0099.jpg,Deer,Deer,Deer,1.0,1.0,True,3.552713678800501e-15,9.163211952517678e-16
test/Deer/0100.jpg,Deer,Deer,Deer,0.9999998807907104,0.9999998807907104,True,5.044853423896711e-13,7.286662592753679e-14
test/Deer/0104.jpg,Deer,Deer,Deer,1.0,1.0,True,2.1316282072803006e-13,5.0275755780759823e-14
test/Deer/0112.jpg,Deer,Deer,Deer,0.982826292514801,0.9828264117240906,True,1.1920928955078125e-07,2.0136051048780246e-08
test/Deer/0126.jpg,Deer,Deer,Deer,1.0,1.0,True,2.913225216616411e-13,4.336783956579958e-14
test/Deer/0130.jpg,Deer,Deer,Deer,0.9999992847442627,0.9999992847442627,True,5.8548721426632255e-12,8.421534953770293e-13
test/Deer/0133.jpg,Deer,Deer,Deer,0.9998630285263062,0.9998630285263062,True,5.238689482212067e-10,7.532764689788252e-11
test/Deer/0152.jpg,Deer,Deer,Deer,0.9999969005584717,0.9999969005584717,True,4.433786671143025e-12,1.558673871394911e-12
test/Deer/0155.jpg,Deer,Deer,Deer,1.0,1.0,True,1.163513729807164e-13,3.939736584928147e-14
test/Deer/0174.jpg,Deer,Deer,Deer,0.9999305009841919,0.9999305009841919,True,1.0550138540565968e-09,1.5079966442232973e-10
test/Deer/0181.jpg,Deer,Deer,Deer,0.9999212026596069,0.9999212026596069,True,2.764863893389702e-10,4.235240630423576e-11
test/Deer/0185.jpg,Deer,Deer,Deer,0.9999984502792358,0.9999984502792358,True,5.115907697472721e-12,8.755117399290857e-13
test/Deer/0188.jpg,Deer,Deer,Deer,0.999998927116394,0.999998927116394,True,4.320099833421409e-12,6.415264912178198e-13
test/Deer/0198.jpg,Deer,Deer,Deer,0.9999980926513672,0.9999980926513672,True,1.3528733688872308e-11,2.111747192043434e-12
test/Deer/0200.jpg,Deer,Deer,Deer,0.9999637603759766,0.9999637603759766,True,2.6921043172478676e-10,3.907796308766365e-11
test/Deer/0205.jpg,Deer,Deer,Deer,0.9999988079071045,0.9999988079071045,True,3.2173375075217336e-11,4.707056359271045e-12
test/Deer/0206.jpg,Deer,Deer,Deer,0.9999997615814209,0.9999997615814209,True,1.1901590823981678e-13,3.571214911247608e-14
test/Deer/0238.jpg,Deer,Deer,Deer,1.0,1.0,True,1.758593271006248e-13,2.6067442339882882e-14
test/Deer/0265.jpg,Deer,Deer,Deer,0.9999971389770508,0.9999971389770508,True,2.1373125491663814e-11,3.1235927473033387e-12
test/Deer/0267.jpg,Deer,Deer,Deer,0.9999897480010986,0.9999897480010986,True,3.637978807091713e-11,5.446592395846883e-12
test/Deer/0271.jpg,Deer,Deer,Deer,1.0,1.0,True,1.496198998029996e-17,2.7455363233602287e-18
test/Deer/0277.jpg,Deer,Wild_Boar,Wild_Boar,0.992294192314148,0.992294192314148,True,1.1175870895385742e-08,2.118343056523031e-09
test/Deer/0279.jpg,Deer,Deer,Deer,0.999996542930603,0.999996542930603,True,2.3646862246096134e-11,3.383714532526061e-12
test/Deer/0286.jpg,Deer,Venomous_Snake,Venomous_Snake,0.5971251726150513,0.5971248149871826,True,5.364418029785156e-07,1.9679295348851156e-07
test/Deer/0288.jpg,Deer,Deer,Deer,0.9999943971633911,0.9999943971633911,True,6.775735528208315e-11,1.0255106659695645e-11
test/Deer/0294.jpg,Deer,Deer,Deer,0.9998326301574707,0.9998326301574707,True,3.4924596548080444e-09,4.991783097985092e-10
test/Deer/0309.jpg,Deer,Deer,Deer,0.9999983310699463,0.9999983310699463,True,4.774847184307873e-12,7.310937337294543e-13
test/Deer/0314.jpg,Deer,Deer,Deer,1.0,1.0,True,9.50350909079134e-14,1.4920356616876518e-14
test/Deer/0316.jpg,Deer,Deer,Deer,0.9999901056289673,0.9999901056289673,True,3.456079866737127e-11,6.958497146547504e-12
test/Deer/0326.jpg,Deer,Deer,Deer,0.9999998807907104,0.9999998807907104,True,3.126388037344441e-13,5.3396980711833616e-14
test/Deer/0328.jpg,Deer,Deer,Deer,0.9999995231628418,0.9999995231628418,True,1.8758328224066645e-12,2.7135078580799166e-13
test/Deer/0330.jpg,Deer,Deer,Deer,0.9999996423721313,0.9999996423721313,True,6.536993168992922e-13,9.40554058248555e-14
test/Deer/0341.jpg,Deer,Deer,Deer,1.0,1.0,True,1.7053025658242404e-13,5.09954186896696e-14
test/Deer/0359.jpg,Deer,Deer,Deer,0.9999998807907104,0.9999998807907104,True,7.815970093361102e-13,1.1801041914505372e-13
test/Deer/0378.jpg,Deer,Deer,Deer,0.9999973773956299,0.9999973773956299,True,7.077005648170598e-12,3.394364216785517e-12
test/Deer/0402.jpg,Deer,Deer,Deer,0.9862107634544373,0.986210286617279,True,4.76837158203125e-07,1.3291348466282216e-07
test/Deer/0404.jpg,Deer,Deer,Deer,0.842033863067627,0.8420307636260986,True,3.0994415283203125e-06,8.72287557740492e-07
test/Deer/0417.jpg,Deer,Deer,Deer,1.0,1.0,True,4.773959005888173e-14,1.3478584567905294e-14
test/Deer/0432.jpg,Deer,Deer,Deer,1.0,1.0,True,2.0469737016526324e-16,7.536850857320991e-17
test/Deer/0438.jpg,Deer,Deer,Deer,1.0,1.0,True,2.220446049250313e-14,3.1924244030376216e-15
test/Deer/0445.jpg,Deer,Deer,Deer,0.9997598528862,0.9997598528862,True,1.8189894035458565e-09,2.5988117213771034e-10
test/Deer/0447.jpg,Deer,Deer,Deer,0.9999619722366333,0.9999619722366333,True,3.637978807091713e-10,5.198680028128955e-11
test/Deer/0456.jpg,Deer,Deer,Deer,1.0,1.0,True,1.1796119636642288e-15,3.015993951690333e-16
test/Deer/0459.jpg,Deer,Deer,Deer,0.9998620748519897,0.9998620748519897,True,8.585629984736443e-10,1.2992831810443306e-10
test/Deer/0473.jpg,Deer,Deer,Deer,0.9999986886978149,0.9999986886978149,True,4.945377440890297e-12,1.368857392887446e-12
test/Deer/0486.jpg,Deer,Deer,Deer,0.9999998807907104,0.9999998807907104,True,1.3784529073745944e-12,1.9903325407071015e-13
test/Deer/0490.jpg,Deer,Deer,Deer,0.9973596930503845,0.997359573841095,True,1.1920928955078125e-07,2.6150647869371824e-08
test/Deer/0491.jpg,Deer,Deer,Deer,0.999998927116394,0.999998927116394,True,1.807620719773695e-11,2.58619211115918e-12
test/Deer/0496.jpg,Deer,Deer,Deer,0.9818508625030518,0.9818507432937622,True,1.1920928955078125e-07,4.81969841814589e-08
test/Deer/0510.jpg,Deer,Deer,Deer,0.9999997615814209,0.9999997615814209,True,1.7976731214730535e-12,6.977543542951992e-13
test/Deer/0518.jpg,Deer,Deer,Deer,1.0,1.0,True,1.5987211554602254e-13,2.3145981659089543e-14
test/Deer/0530.jpg,Deer,Deer,Deer,0.9999574422836304,0.9999574422836304,True,9.947598300641403e-14,2.7618779794647344e-14
test/Deer/0566.jpg,Deer,Deer,Deer,0.999614953994751,0.999614953994751,True,1.7462298274040222e-10,4.88010916399606e-11
test/Deer/0567.jpg,Deer,Deer,Deer,1.0,1.0,True,1.8740564655672642e-13,2.931713506400084e-14
test/Deer/0568.jpg,Deer,Deer,Deer,0.9999353885650635,0.9999353885650635,True,4.220055416226387e-10,6.58703577793851e-11
test/Deer/0575.jpg,Deer,Deer,Deer,0.9999924898147583,0.9999924898147583,True,1.4415491023100913e-10,2.0627281133167585e-11
test/Deer/0600.jpg,Deer,Deer,Deer,1.0,1.0,True,2.8199664825478976e-14,1.0927363682422704e-14
test/Deer/0614.jpg,Deer,Deer,Deer,0.999835729598999,0.999835729598999,True,1.877197064459324e-09,2.6885288439970623e-10
test/Deer/0663.jpg,Deer,Deer,Deer,1.0,1.0,True,2.575717417130363e-13,5.119912333722068e-14
test/Deer/0675.jpg,Deer,Deer,Deer,1.0,1.0,True,6.039613253960852e-14,8.802451938194362e-15
test/Deer/0690.jpg,Deer,Deer,Deer,0.9999942779541016,0.9999942779541016,True,3.0468072509393096e-11,6.412140783618181e-12
test/Deer/0720.jpg,Deer,Deer,Deer,1.0,1.0,True,4.544975507059235e-16,8.738475619097583e-17
test/Elephant/0004.jpg,Elephant,Elephant,Elephant,1.0,1.0,True,2.42861286636753e-16,4.4854993681321e-17
test/Elephant/0010.jpg,Elephant,Elephant,Elephant,1.0,1.0,True,7.438494264988549e-15,1.1855596172616117e-15
test/Elephant/0016.jpg,Elephant,Elephant,Elephant,1.0,1.0,True,7.993605777301127e-14,2.851885394505871e-14
test/Elephant/0022.jpg,Elephant,Elephant,Elephant,1.0,1.0,True,2.398081733190338e-14,3.6330839764842516e-15
test/Elephant/0027.jpg,Elephant,Elephant,Elephant,1.0,1.0,True,1.1102230246251565e-14,1.7924591474857915e-15
test/Elephant/0054.jpg,Elephant,Elephant,Elephant,1.0,1.0,True,7.993605777301127e-14,3.173651865937509e-14
test/Elephant/0104.jpg,Elephant,Elephant,Elephant,1.0,1.0,True,6.394884621840902e-14,9.508871486973818e-15
test/Elephant/0110.jpg,Elephant,Elephant,Elephant,1.0,1.0,True,4.654054919228656e-13,9.098798103845951e-14
test/Elephant/0136.jpg,Elephant,Elephant,Elephant,1.0,1.0,True,1.2612133559741778e-13,2.1393910948352968e-14
test/Elephant/0149.jpg,Elephant,Elephant,Elephant,1.0,1.0,True,2.4424906541753444e-15,3.7226857156832124e-16
test/Elephant/0162.jpg,Elephant,Elephant,Elephant,1.0,1.0,True,2.5934809855243657e-13,3.7393895759799817e-14
test/Elephant/0168.jpg,Elephant,Elephant,Elephant,0.9999978542327881,0.9999978542327881,True,1.1596057447604835e-11,2.3634982859732645e-12
test/Elephant/0177.jpg,Elephant,Elephant,Elephant,0.9999830722808838,0.9999830722808838,True,4.729372449219227e-11,6.768289487896206e-12
test/Elephant/0178.jpg,Elephant,Elephant,Elephant,1.0,1.0,True,1.8735013540549517e-15,3.6138393349830747e-16
test/Elephant/0182.jpg,Elephant,Elephant,Elephant,1.0,1.0,True,4.218847493575595e-14,6.150276160343847e-15
test/Elephant/0209.jpg,Elephant,Elephant,Elephant,1.0,1.0,True,3.765876499528531e-13,5.652422974122828e-14
test/Elephant/0217.jpg,Elephant,Elephant,Elephant,1.0,1.0,True,1.096345236817342e-15,1.8276550340403226e-16
test/Elephant/0226.jpg,Elephant,Elephant,Elephant,1.0,1.0,True,5.684341886080802e-14,8.480675979993715e-15
test/Elephant/0237.jpg,Elephant,Elephant,Elephant,1.0,1.0,True,1.1324274851176597e-13,3.389649672058681e-14
test/Elephant/0249.jpg,Elephant,Elephant,Elephant,1.0,1.0,True,4.218847493575595e-14,1.0142679983382846e-14
test/Elephant/0262.jpg,Elephant,Elephant,Elephant,1.0,1.0,True,9.540979117872439e-17,2.8452561308488545e-17
test/Elephant/0294.jpg,Elephant,Elephant,Elephant,0.9999998807907104,0.9999998807907104,True,1.1652900866465643e-12,1.665989123999373e-13
test/Elephant/0303.jpg,Elephant,Elephant,Elephant,1.0,1.0,True,2.636779683484747e-16,5.611738197603059e-17
test/Elephant/0305.jpg,Elephant,Elephant,Elephant,1.0,1.0,True,2.353672812205332e-14,3.425213409140337e-15
test/Elephant/0315.jpg,Elephant,Elephant,Elephant,1.0,1.0,True,5.030698080332741e-16,1.5536617131717279e-16
test/Elephant/0322.jpg,Elephant,Elephant,Elephant,1.0,1.0,True,3.552713678800501e-14,6.036419685639819e-15
test/Elephant/0329.jpg,Elephant,Elephant,Elephant,1.0,1.0,True,1.0234868508263162e-16,2.2427012112821543e-17
test/Elephant/0356.jpg,Elephant,Elephant,Elephant,1.0,1.0,True,8.659739592076221e-15,1.435917357239802e-15
test/Elephant/0367.jpg,Elephant,Elephant,Elephant,1.0,1.0,True,2.5934809855243657e-13,3.846504346050224e-14
test/Elephant/0385.jpg,Elephant,Elephant,Elephant,1.0,1.0,True,4.463096558993129e-14,8.245264348128063e-15
test/Elephant/0386.jpg,Elephant,Elephant,Elephant,1.0,1.0,True,6.039613253960852e-14,1.7850800929108436e-14
test/Elephant/0395.jpg,Elephant,Elephant,Elephant,1.0,1.0,True,1.0880185641326534e-14,1.571101909797457e-15
test/Elephant/0397.jpg,Elephant,Elephant,Elephant,1.0,1.0,True,2.0605739337042905e-13,5.546604842088243e-14
test/Elephant/0401.jpg,Elephant,Elephant,Elephant,1.0,1.0,True,3.1363800445660672e-15,6.157029024636714e-16
test/Elephant/0413.jpg,Elephant,Elephant,Elephant,1.0,1.0,True,6.217248937900877e-14,1.1100247342122043e-14
test/Elephant/0417.jpg,Elephant,Elephant,Elephant,1.0,1.0,True,7.176481631177012e-13,1.1804248442430498e-13
test/Elephant/0435.jpg,Elephant,Elephant,Elephant,1.0,1.0,True,3.2862601528904634e-14,7.848137185972621e-15
test/Elephant/0440.jpg,Elephant,Elephant,Elephant,0.9999996423721313,0.9999996423721313,True,2.1174173525650986e-12,6.39020574736554e-13
test/Elephant/0446.jpg,Elephant,Elephant,Elephant,1.0,1.0,True,4.18332035678759e-13,6.373969006680941e-14
test/Elephant/0447.jpg,Elephant,Elephant,Elephant,0.9999997615814209,0.9999997615814209,True,1.5418777365994174e-12,2.53067396682391e-13
test/Elephant/0456.jpg,Elephant,Elephant,Elephant,0.9999587535858154,0.9999587535858154,True,1.4551915228366852e-10,2.208468304065736e-11
test/Elephant/0462.jpg,Elephant,Elephant,Elephant,1.0,1.0,True,7.318364664277155e-19,1.8845017415760315e-19
test/Elephant/0469.jpg,Elephant,Elephant,Elephant,1.0,1.0,True,9.325873406851315e-14,1.497983357636682e-14
test/Elephant/0474.jpg,Elephant,Elephant,Elephant,0.9999980926513672,0.9999980926513672,True,9.322320693172514e-12,3.2897493323219562e-12
test/Elephant/0480.jpg,Elephant,Elephant,Elephant,1.0,1.0,True,1.0602629885170245e-14,1.5367327009296666e-15
test/Elephant/0486.jpg,Elephant,Elephant,Elephant,1.0,1.0,True,1.91402449445377e-13,3.100373351604645e-14
test/Elephant/0492.jpg,Elephant,Elephant,Elephant,1.0,1.0,True,6.855627177060342e-15,1.6932837654609297e-15
test/Elephant/0506.jpg,Elephant,Elephant,Elephant,0.999997615814209,0.999997615814209,True,1.7053025658242404e-11,2.557343226072817e-12
test/Elephant/0515.jpg,Elephant,Elephant,Elephant,1.0,1.0,True,4.796163466380676e-14,7.218679897813638e-15
test/Elephant/0527.jpg,Elephant,Elephant,Elephant,0.9999998807907104,0.9999998807907104,True,7.389644451905042e-13,2.1146575972501996e-13
test/Elephant/0529.jpg,Elephant,Elephant,Elephant,1.0,1.0,True,8.569533971325427e-16,2.542879993232299e-16
test/Elephant/0538.jpg,Elephant,Elephant,Elephant,0.9999969005584717,0.9999969005584717,True,5.4569682106375694e-12,2.204395303448403e-12
test/Elephant/0569.jpg,Elephant,Elephant,Elephant,0.937935471534729,0.9379361271858215,True,6.556510925292969e-07,1.725552749576309e-07
test/Elephant/0573.jpg,Elephant,Elephant,Elephant,1.0,1.0,True,7.216449660063518e-14,1.9930485349118135e-14
test/Elephant/0574.jpg,Elephant,Elephant,Elephant,1.0,1.0,True,1.7763568394002505e-15,2.5559872986954675e-16
test/Elephant/0586.jpg,Elephant,Elephant,Elephant,1.0,1.0,True,2.42861286636753e-16,3.799063867677215e-17
test/Elephant/0595.jpg,Elephant,Elephant,Elephant,1.0,1.0,True,4.796163466380676e-14,7.71803292527436e-15
test/Elephant/0596.jpg,Elephant,Elephant,Elephant,1.0,1.0,True,1.3739009929736312e-15,1.9765262361272882e-16
test/Elephant/0604.jpg,Elephant,Elephant,Elephant,1.0,1.0,True,1.1796119636642288e-15,1.7451492604174255e-16
test/Elephant/0610.jpg,Elephant,Elephant,Elephant,1.0,1.0,True,4.6407322429331543e-14,8.980415254478385e-15
test/Elephant/0617.jpg,Elephant,Elephant,Elephant,1.0,1.0,True,2.4868995751603507e-13,4.412393166770487e-14
test/Elephant/0630.jpg,Elephant,Elephant,Elephant,1.0,1.0,True,1.942890293094024e-15,4.2822888848964027e-16
test/Elephant/0666.jpg,Elephant,Elephant,Elephant,0.9999265670776367,0.9999265670776367,True,2.7830537874251604e-10,8.693389064173829e-11
test/Elephant/0672.jpg,Elephant,Elephant,Elephant,1.0,1.0,True,1.3010426069826053e-15,3.012392738175522e-16
test/Elephant/0673.jpg,Elephant,Elephant,Elephant,0.9999988079071045,0.9999988079071045,True,7.190692485892214e-12,1.4601613104389677e-12
test/Elephant/0676.jpg,Elephant,Elephant,Elephant,0.9999998807907104,0.9999998807907104,True,1.2931877790833823e-12,1.8673207240454265e-13
test/Elephant/0677.jpg,Elephant,Elephant,Elephant,1.0,1.0,True,2.3314683517128287e-14,4.093215566838837e-15
test/Elephant/0681.jpg,Elephant,Elephant,Elephant,0.9999985694885254,0.9999985694885254,True,3.728928277269006e-11,5.3617527084881544e-12
test/Elephant/0698.jpg,Elephant,Elephant,Elephant,1.0,1.0,True,2.1316282072803006e-14,3.8540600493463216e-15
test/Elephant/0700.jpg,Elephant,Elephant,Elephant,0.9999963045120239,0.9999963045120239,True,9.754330676514655e-11,1.3942439217040636e-11
test/Elephant/0712.jpg,Elephant,Elephant,Elephant,1.0,1.0,True,1.3455903058456897e-13,2.519631638747688e-14
test/Elephant/0724.jpg,Elephant,Elephant,Elephant,1.0,1.0,True,2.5091040356528538e-14,4.8168315785134495e-15
test/Elephant/0738.jpg,Elephant,Elephant,Elephant,0.9999980926513672,0.9999982118606567,True,1.1920928955078125e-07,1.703156193855193e-08
test/Elephant/0750.jpg,Elephant,Elephant,Elephant,0.9964382648468018,0.9964381456375122,True,1.1920928955078125e-07,2.810673649378259e-08
test/Elephant/0754.jpg,Elephant,Elephant,Elephant,1.0,1.0,True,3.019806626980426e-13,4.4673839009589517e-14
test/Elephant/0755.jpg,Elephant,Elephant,Elephant,1.0,1.0,True,2.1094237467877974e-14,3.0763046562985296e-15
test/Elephant/0783.jpg,Elephant,Elephant,Elephant,1.0,1.0,True,2.886579864025407e-15,8.357030345518268e-16
test/Elephant/0789.jpg,Elephant,Elephant,Elephant,0.9999998807907104,0.9999998807907104,True,3.126388037344441e-13,8.305856002976952e-14
test/Elephant/0795.jpg,Elephant,Elephant,Elephant,1.0,1.0,True,6.394884621840902e-14,2.2014137271452773e-14
test/Monkey/0004.jpg,Monkey,Monkey,Monkey,1.0,1.0,True,7.971401316808624e-14,2.090688733247248e-14
test/Monkey/0039.jpg,Monkey,Monkey,Monkey,0.9999992847442627,0.9999992847442627,True,4.774847184307873e-12,7.506693834244405e-13
test/Monkey/0054.jpg,Monkey,Monkey,Monkey,0.9999715089797974,0.9999715089797974,True,4.256435204297304e-10,6.410821179470005e-11
test/Monkey/0067.jpg,Monkey,Monkey,Monkey,1.0,1.0,True,8.171241461241152e-14,3.3314622355272785e-14
test/Monkey/0069.jpg,Monkey,Monkey,Monkey,0.9999967813491821,0.9999967813491821,True,2.3874235921539366e-11,3.5919099725806314e-12
test/Monkey/0073.jpg,Monkey,Monkey,Monkey,1.0,1.0,True,8.770761894538737e-15,3.217912047936977e-15
test/Monkey/0084.jpg,Monkey,Monkey,Monkey,0.9999996423721313,0.9999996423721313,True,1.6484591469634324e-12,4.2063970579278576e-13
test/Monkey/0094.jpg,Monkey,Monkey,Monkey,0.9999998807907104,0.9999998807907104,True,8.029132914089132e-13,1.3024614210505742e-13
test/Monkey/0100.jpg,Monkey,Monkey,Monkey,0.999919056892395,0.999919056892395,True,1.7680577002465725e-09,2.6769805816506675e-10
test/Monkey/0105.jpg,Monkey,Monkey,Monkey,0.999998927116394,0.999998927116394,True,6.650680006714538e-12,1.9077437112685613e-12
test/Monkey/0112.jpg,Monkey,Monkey,Monkey,1.0,1.0,True,7.993605777301127e-14,1.9165224962591765e-14
test/Monkey/0114.jpg,Monkey,Monkey,Monkey,0.9999992847442627,0.9999992847442627,True,3.524291969370097e-12,5.084149789537362e-13
test/Monkey/0123.jpg,Monkey,Monkey,Monkey,0.9999983310699463,0.9999983310699463,True,7.048583938740194e-12,1.2579857945269057e-12
test/Monkey/0126.jpg,Monkey,Monkey,Monkey,1.0,1.0,True,1.509903313490213e-14,3.1864392682323227e-15
test/Monkey/0155.jpg,Monkey,Monkey,Monkey,1.0,1.0,True,1.8207657603852567e-13,4.3425597048406955e-14
test/Monkey/0160.jpg,Monkey,Monkey,Monkey,1.0,1.0,True,5.759281940243e-16,1.3987781653460328e-16
test/Monkey/0183.jpg,Monkey,Monkey,Monkey,0.9999998807907104,0.9999998807907104,True,9.947598300641403e-14,2.0174586691989668e-14
test/Monkey/0196.jpg,Monkey,Monkey,Monkey,0.9999994039535522,0.9999994039535522,True,9.947598300641403e-13,2.4286922841766645e-13
test/Monkey/0202.jpg,Monkey,Monkey,Monkey,1.0,1.0,True,4.618527782440651e-14,1.8290038334236626e-14
test/Monkey/0217.jpg,Monkey,Monkey,Monkey,0.9999711513519287,0.9999711513519287,True,3.5652192309498787e-10,5.1868873779392644e-11
test/Monkey/0223.jpg,Monkey,Monkey,Monkey,0.9997356534004211,0.9997356534004211,True,1.1059455573558807e-09,1.5828814647900202e-10
test/Monkey/0241.jpg,Monkey,Monkey,Monkey,1.0,1.0,True,3.4638958368304884e-14,5.8638087705494956e-15
test/Monkey/0244.jpg,Monkey,Monkey,Monkey,0.9999964237213135,0.9999964237213135,True,8.776623872108757e-11,1.311169922635358e-11
test/Monkey/0260.jpg,Monkey,Monkey,Monkey,1.0,1.0,True,4.773959005888173e-15,8.733867892213418e-16
test/Monkey/0262.jpg,Monkey,Monkey,Monkey,1.0,1.0,True,1.1657341758564144e-15,3.053466689276863e-16
test/Monkey/0270.jpg,Monkey,Monkey,Monkey,0.9999990463256836,0.9999990463256836,True,8.185452315956354e-12,1.1752917432675258e-12
test/Monkey/0275.jpg,Monkey,Monkey,Monkey,1.0,1.0,True,1.3322676295501878e-13,2.1869987510423142e-14
test/Monkey/0283.jpg,Monkey,Monkey,Monkey,1.0,1.0,True,3.597122599785507e-14,1.0580388494041242e-14
test/Non_Venomous_Snake/1 (2).jpg,Non_Venomous_Snake,Non_Venomous_Snake,Non_Venomous_Snake,0.5583632588386536,0.5583641529083252,True,1.0132789611816406e-06,2.7247841671851347e-07
test/Non_Venomous_Snake/1.jpg,Non_Venomous_Snake,Non_Venomous_Snake,Non_Venomous_Snake,0.9990598559379578,0.9990598559379578,True,4.0745362639427185e-10,5.841342687329387e-11
test/Non_Venomous_Snake/10.jpg,Non_Venomous_Snake,Non_Venomous_Snake,Non_Venomous_Snake,0.992284893989563,0.992284893989563,True,7.450580596923828e-09,1.064394461458562e-09
test/Non_Venomous_Snake/1024px-Heller_Tigerpython_Python_molurus_molurus.jpg,Non_Venomous_Snake,Non_Venomous_Snake,Non_Venomous_Snake,0.9983953833580017,0.9983953833580017,True,3.725290298461914e-09,5.340534126041518e-10
test/Non_Venomous_Snake/11.jpg,Non_Venomous_Snake,Non_Venomous_Snake,Non_Venomous_Snake,0.9885213375091553,0.9885213375091553,True,3.3527612686157227e-08,4.789662000348471e-09
test/Non_Venomous_Snake/112282-850x565-Yellow_Rat_Snake.jpg,Non_Venomous_Snake,Non_Venomous_Snake,Non_Venomous_Snake,0.5937961339950562,0.593795895576477,True,2.384185791015625e-07,6.386260764656981e-08
test/Non_Venomous_Snake/1157751.jpg,Non_Venomous_Snake,Non_Venomous_Snake,Non_Venomous_Snake,0.9987064599990845,0.9987064599990845,True,5.005858838558197e-09,7.15428216668812e-10
test/Non_Venomous_Snake/1166420045-m.jpg,Non_Venomous_Snake,Venomous_Snake,Venomous_Snake,0.9658645391464233,0.9658644199371338,True,1.1920928955078125e-07,3.131614434437324e-08
test/Non_Venomous_Snake/12.jpg,Non_Venomous_Snake,Non_Venomous_Snake,Non_Venomous_Snake,0.9995259046554565,0.9995259046554565,True,2.5029294192790985e-09,3.5772149131751974e-10
test/Non_Venomous_Snake/1200px-Eryx_jaculus.jpg,Non_Venomous_Snake,Non_Venomous_Snake,Non_Venomous_Snake,0.9958778619766235,0.995877742767334,True,1.1920928955078125e-07,1.862645326866641e-08
test/Non_Venomous_Snake/126763-004-312A729C.jpg,Non_Venomous_Snake,Non_Venomous_Snake,Non_Venomous_Snake,0.81916344165802,0.8191623091697693,True,1.1324882507324219e-06,3.235680594571022e-07
test/Non_Venomous_Snake/1280px-Indian_rock_python_pratik.JPG,Non_Venomous_Snake,Non_Venomous_Snake,Non_Venomous_Snake,0.9986802935600281,0.9986802935600281,True,5.005858838558197e-09,7.157971437798949e-10
test/Non_Venomous_Snake/13 (2).jpg,Non_Venomous_Snake,Non_Venomous_Snake,Non_Venomous_Snake,0.9961447715759277,0.9961448907852173,True,1.1920928955078125e-07,2.3782009250794545e-08
test/Non_Venomous_Snake/13.jpg,Non_Venomous_Snake,Non_Venomous_Snake,Non_Venomous_Snake,0.9950457811355591,0.9950457811355591,True,2.0954757928848267e-08,3.0001032769177982e-09
test/Non_Venomous_Snake/131942656.vigSlaNz.jpg,Non_Venomous_Snake,Non_Venomous_Snake,Non_Venomous_Snake,0.9270898103713989,0.9270901083946228,True,3.2782554626464844e-07,8.940709506077837e-08
test/Non_Venomous_Snake/14 (2).jpg,Non_Venomous_Snake,Non_Venomous_Snake,Non_Venomous_Snake,0.934290885925293,0.93429034948349,True,5.364418029785156e-07,1.426267743909193e-07
test/Non_Venomous_Snake/14.jpg,Non_Venomous_Snake,Non_Venomous_Snake,Non_Venomous_Snake,0.9633870720863342,0.9633867144584656,True,4.0605664253234863e-07,1.0909791114954714e-07
test/Non_Venomous_Snake/1406194043645_wps_2_EXCLUSIVE_GUJARAT_INDIA_U.jpg,Non_Venomous_Snake,Non_Venomous_Snake,Non_Venomous_Snake,0.9090889096260071,0.9090889096260071,True,3.219611244276166e-10,4.973443878952821e-11
test/Non_Venomous_Snake/143197P3112612.JPG,Non_Venomous_Snake,Non_Venomous_Snake,Non_Venomous_Snake,0.5727352499961853,0.5727375745773315,True,2.3245811462402344e-06,6.641672598561854e-07
test/Non_Venomous_Snake/1438853319IMG-20141006-WA0017.jpg,Non_Venomous_Snake,Non_Venomous_Snake,Non_Venomous_Snake,0.8629648089408875,0.8629648685455322,True,1.1920928955078125e-07,2.6192797264457113e-08
test/Non_Venomous_Snake/1438853319main -1.jpg,Non_Venomous_Snake,Non_Venomous_Snake,Non_Venomous_Snake,0.9998787641525269,0.9998787641525269,True,1.0477378964424133e-09,1.4979617546373447e-10
test/Non_Venomous_Snake/1438853320sub headed shot-1.jpg,Non_Venomous_Snake,Non_Venomous_Snake,Non_Venomous_Snake,0.9985950589179993,0.9985950589179993,True,3.3760443329811096e-09,4.826283261927244e-10
test/Non_Venomous_Snake/15.jpg,Non_Venomous_Snake,Non_Venomous_Snake,Non_Venomous_Snake,0.9984279870986938,0.9984279870986938,True,1.5133991837501526e-09,2.1623154655703303e-10
test/Non_Venomous_Snake/16.jpg,Non_Venomous_Snake,Non_Venomous_Snake,Non_Venomous_Snake,0.9171789884567261,0.9171785712242126,True,4.172325134277344e-07,1.1601964189367209e-07
test/Non_Venomous_Snake/16668569-Close-up-of-Indo-Chinese-Rat-snake-Thailand--Stock-Photo.jpg,Non_Venomous_Snake,Non_Venomous_Snake,Non_Venomous_Snake,0.5493185520172119,0.5493177771568298,True,7.748603820800781e-07,2.001037699983499e-07
test/Non_Venomous_Snake/17 (2).jpg,Non_Venomous_Snake,Non_Venomous_Snake,Non_Venomous_Snake,0.9994207620620728,0.9994207620620728,True,3.3178366720676422e-09,4.739796333197432e-10
test/Non_Venomous_Snake/17.jpg,Non_Venomous_Snake,Non_Venomous_Snake,Non_Venomous_Snake,0.9348337054252625,0.9348344802856445,True,7.748603820800781e-07,2.0544011647416482e-07
test/Non_Venomous_Snake/175a2372jpg-35eda8314988c49d.jpg,Non_Venomous_Snake,Venomous_Snake,Venomous_Snake,0.8652942180633545,0.8652932643890381,True,1.0132789611816406e-06,2.8099333349018707e-07
test/Non_Venomous_Snake/178737411_XS.jpg,Non_Venomous_Snake,Non_Venomous_Snake,Non_Venomous_Snake,0.7257746458053589,0.7257755994796753,True,9.5367431640625e-07,2.724897569805762e-07
test/Non_Venomous_Snake/18.jpg,Non_Venomous_Snake,Non_Venomous_Snake,Non_Venomous_Snake,0.8070010542869568,0.8069985508918762,True,2.518296241760254e-06,7.174993470471236e-07
test/Non_Venomous_Snake/1YEL.jpg,Non_Venomous_Snake,Non_Venomous_Snake,Non_Venomous_Snake,0.9999505281448364,0.9999505281448364,True,7.057678885757923e-10,1.0083314044839753e-10
test/Non_Venomous_Snake/2.jpg,Non_Venomous_Snake,Non_Venomous_Snake,Non_Venomous_Snake,0.9588351249694824,0.9588349461555481,True,2.682209014892578e-07,6.386214579379157e-08
test/Non_Venomous_Snake/20 (2).jpg,Non_Venomous_Snake,Venomous_Snake,Venomous_Snake,0.5650989413261414,0.5650977492332458,True,1.1920928955078125e-06,3.3635927820796496e-07
test/Non_Venomous_Snake/20 (3).jpg,Non_Venomous_Snake,Non_Venomous_Snake,Non_Venomous_Snake,0.999904990196228,0.999904990196228,True,1.622538547962904e-09,2.318572278614539e-10
test/Non_Venomous_Snake/20.jpg,Non_Venomous_Snake,Non_Venomous_Snake,Non_Venomous_Snake,0.9996460676193237,0.9996460676193237,True,1.367880031466484e-09,1.95502697364347e-10
test/Non_Venomous_Snake/21.jpg,Non_Venomous_Snake,Non_Venomous_Snake,Non_Venomous_Snake,0.9570950865745544,0.9570948481559753,True,3.166496753692627e-07,7.937954649150925e-08
test/Non_Venomous_Snake/22cdfe6495d034308305a00eeee78be8.jpg,Non_Venomous_Snake,Non_Venomous_Snake,Non_Venomous_Snake,0.9179520010948181,0.9179520010948181,True,7.450580596923828e-08,1.0644298775730476e-08
test/Non_Venomous_Snake/23.jpg,Non_Venomous_Snake,Non_Venomous_Snake,Non_Venomous_Snake,0.9999961853027344,0.9999961853027344,True,1.978150976356119e-11,4.281083300361477e-12
test/Non_Venomous_Snake/23acc8022303e373f72893f094dcd22f--snake-photos-corn-snake.jpg,Non_Venomous_Snake,Non_Venomous_Snake,Non_Venomous_Snake,0.9968360662460327,0.9968360662460327,True,3.026798367500305e-08,4.326563107781567e-09
test/Non_Venomous_Snake/24.jpg,Non_Venomous_Snake,Non_Venomous_Snake,Non_Venomous_Snake,0.9997079968452454,0.9997079968452454,True,5.529727786779404e-10,7.899945281275578e-11
test/Non_Venomous_Snake/240_F_57387590_X4C1GVMXiircJ9WijCsTxXmP3l08Pk2m.jpg,Non_Venomous_Snake,Non_Venomous_Snake,Non_Venomous_Snake,0.9899263381958008,0.9899264574050903,True,1.1920928955078125e-07,3.339563292570347e-08
test/Non_Venomous_Snake/240_F_81777996_fXFZAxx4plJEMzc4ndaqAcPqLi5VB87h.jpg,Non_Venomous_Snake,Non_Venomous_Snake,Non_Venomous_Snake,0.9996039271354675,0.9996039271354675,True,1.6880221664905548e-09,2.414579647336268e-10
test/Non_Venomous_Snake/249701_149478348456813_100001839476094_326585_731191_n.jpg,Non_Venomous_Snake,Non_Venomous_Snake,Non_Venomous_Snake,0.9950307607650757,0.9950307607650757,True,1.1641532182693481e-08,1.663507886995319e-09
test/Non_Venomous_Snake/26.jpg,Non_Venomous_Snake,Non_Venomous_Snake,Non_Venomous_Snake,0.9998199343681335,0.9998199343681335,True,1.4551915228366852e-11,2.2376228474285664e-12
test/Non_Venomous_Snake/27.jpg,Non_Venomous_Snake,Non_Venomous_Snake,Non_Venomous_Snake,0.7460684776306152,0.7460698485374451,True,1.4603137969970703e-06,4.0447366700391285e-07
test/Non_Venomous_Snake/29.jpg,Non_Venomous_Snake,Non_Venomous_Snake,Non_Venomous_Snake,0.9998502731323242,0.9998502731323242,True,6.039044819772243e-10,1.4806289527768968e-10
test/Non_Venomous_Snake/2953885821_2921103913.jpg,Non_Venomous_Snake,Non_Venomous_Snake,Non_Venomous_Snake,0.9980509281158447,0.9980509281158447,True,1.862645149230957e-08,2.6615212256331233e-09
test/Non_Venomous_Snake/3.jpg,Non_Venomous_Snake,Non_Venomous_Snake,Non_Venomous_Snake,0.9868566393852234,0.9868566393852234,True,5.029141902923584e-08,7.1845716043128505e-09
test/Non_Venomous_Snake/30.jpg,Non_Venomous_Snake,Venomous_Snake,Venomous_Snake,0.8812355399131775,0.88123619556427,True,6.92903995513916e-07,1.9280473395610898e-07
test/Non_Venomous_Snake/300px-Boa.jpg,Non_Venomous_Snake,Non_Venomous_Snake,Non_Venomous_Snake,0.744860827922821,0.7448633909225464,True,2.562999725341797e-06,7.280281693056168e-07
test/Non_Venomous_Snake/32.jpg,Non_Venomous_Snake,Non_Venomous_Snake,Non_Venomous_Snake,0.9998078942298889,0.9998078942298889,True,1.1932570487260818e-09,2.488929617960878e-10
test/Non_Venomous_Snake/33.jpg,Non_Venomous_Snake,Non_Venomous_Snake,Non_Venomous_Snake,0.9882545471191406,0.9882546663284302,True,1.3690441846847534e-07,3.718470154012721e-08
test/Non_Venomous_Snake/34.jpg,Non_Venomous_Snake,Non_Venomous_Snake,Non_Venomous_Snake,0.9915086030960083,0.9915087223052979,True,1.4016404747962952e-07,3.9278216235061336e-08
test/Non_Venomous_Snake/36.jpg,Non_Venomous_Snake,Non_Venomous_Snake,Non_Venomous_Snake,0.9990552067756653,0.9990552067756653,True,1.3387762010097504e-09,1.913344344073309e-10
test/Non_Venomous_Snake/37.jpg,Non_Venomous_Snake,Non_Venomous_Snake,Non_Venomous_Snake,0.9999532699584961,0.9999532699584961,True,4.911271389573812e-10,7.019335113156444e-11
test/Non_Venomous_Snake/38AC2D51-1DD8-B71C-077A00C10D49AA3C-large.JPG,Non_Venomous_Snake,Non_Venomous_Snake,Non_Venomous_Snake,0.9609803557395935,0.9609801173210144,True,2.384185791015625e-07,5.960492188705757e-08
test/Non_Venomous_Snake/39.jpg,Non_Venomous_Snake,Non_Venomous_Snake,Non_Venomous_Snake,0.9986234903335571,0.9986234903335571,True,1.257285475730896e-08,1.7969098431436237e-09
test/Non_Venomous_Snake/4.jpg,Non_Venomous_Snake,Venomous_Snake,Venomous_Snake,0.637492299079895,0.6374908089637756,True,1.519918441772461e-06,4.300050022720825e-07
test/Non_Venomous_Snake/40.jpg,Non_Venomous_Snake,Non_Venomous_Snake,Non_Venomous_Snake,0.999987006187439,0.999987006187439,True,2.546585164964199e-11,3.669247631427064e-12
test/Non_Venomous_Snake/4108235465_d0b32976cc_b.jpg,Non_Venomous_Snake,Non_Venomous_Snake,Non_Venomous_Snake,0.999593198299408,0.999593198299408,True,4.831235855817795e-09,6.912230232636318e-10
test/Non_Venomous_Snake/450-27504292-common-sand-boa-snake.jpg,Non_Venomous_Snake,Non_Venomous_Snake,Non_Venomous_Snake,0.9992730021476746,0.9992730021476746,True,6.2282197177410126e-09,8.897590997314353e-10
test/Non_Venomous_Snake/464685_469785913108783_1755378000_o.jpg,Non_Venomous_Snake,Non_Venomous_Snake,Non_Venomous_Snake,0.9997685551643372,0.9997685551643372,True,4.511093720793724e-10,6.49983747380567e-11
test/Non_Venomous_Snake/5 blog.jpg,Non_Venomous_Snake,Non_Venomous_Snake,Non_Venomous_Snake,0.9463839530944824,0.9463840126991272,True,5.960464477539063e-08,1.5433574418466378e-08
test/Non_Venomous_Snake/5078041194_1f8a6af122_b.jpg,Non_Venomous_Snake,Non_Venomous_Snake,Non_Venomous_Snake,0.6861560940742493,0.6861569285392761,True,8.344650268554688e-07,2.3416160388478602e-07
test/Non_Venomous_Snake/5c3dd3dc91c4283c73c5992e0a62b28f.jpg,Non_Venomous_Snake,Non_Venomous_Snake,Non_Venomous_Snake,0.5188760161399841,0.518875002861023,True,1.0132789611816406e-06,2.7673604563460685e-07
test/Non_Venomous_Snake/6 (2).jpg,Non_Venomous_Snake,Non_Venomous_Snake,Non_Venomous_Snake,0.9854874610900879,0.9854874610900879,True,4.0978193283081055e-08,5.854123852344628e-09
test/Non_Venomous_Snake/6.jpg,Non_Venomous_Snake,Non_Venomous_Snake,Non_Venomous_Snake,0.9916804432868958,0.9916803240776062,True,1.1920928955078125e-07,2.2618097617055355e-08
test/Non_Venomous_Snake/61571838_4ea666d98a_b.jpg,Non_Venomous_Snake,Non_Venomous_Snake,Non_Venomous_Snake,0.9995204210281372,0.9995204210281372,True,1.1350493878126144e-09,1.6248399847818007e-10
test/Non_Venomous_Snake/62b8a1.jpg,Non_Venomous_Snake,Non_Venomous_Snake,Non_Venomous_Snake,0.9290255904197693,0.9290255904197693,True,5.960464477539063e-08,8.514986937768754e-09
test/Non_Venomous_Snake/6O4A7830.jpg,Non_Venomous_Snake,Non_Venomous_Snake,Non_Venomous_Snake,0.9925044775009155,0.9925045967102051,True,1.1920928955078125e-07,3.0738075196268255e-08
test/Non_Venomous_Snake/6O4A7844.jpg,Non_Venomous_Snake,Venomous_Snake,Venomous_Snake,0.9807273149490356,0.980726957321167,True,3.5762786865234375e-07,9.472925910358754e-08
test/Non_Venomous_Snake/7.jpg,Non_Venomous_Snake,Non_Venomous_Snake,Non_Venomous_Snake,0.9996345043182373,0.9996345043182373,True,4.5693013817071915e-09,6.527707263614957e-10
test/Non_Venomous_Snake/7044762725_5e3e754c31.jpg,Non_Venomous_Snake,Non_Venomous_Snake,Non_Venomous_Snake,0.9443339109420776,0.9443340301513672,True,1.4901161193847656e-07,3.83224190159126e-08
test/Non_Venomous_Snake/7696c19d1eb4846d81269ecb4c77f5a5.jpg,Non_Venomous_Snake,Non_Venomous_Snake,Non_Venomous_Snake,0.9962074756622314,0.9962074756622314,True,1.280568540096283e-08,1.840006702558128e-09
test/Non_Venomous_Snake/78.jpg,Non_Venomous_Snake,Non_Venomous_Snake,Non_Venomous_Snake,0.9999964237213135,0.9999964237213135,True,1.0231815394945443e-11,1.4744257247414905e-12
test/Non_Venomous_Snake/79.jpg,Non_Venomous_Snake,Non_Venomous_Snake,Non_Venomous_Snake,0.9932047128677368,0.9932047128677368,True,2.9336661100387573e-08,4.192159952509655e-09
test/Non_Venomous_Snake/8.jpg,Non_Venomous_Snake,Non_Venomous_Snake,Non_Venomous_Snake,0.9909307360649109,0.9909306168556213,True,1.1920928955078125e-07,2.421438694000244e-08
test/Non_Venomous_Snake/800px-Common_Rat_Snake_(Ptyas_mucosa)_µ░┤σ╛ï5.jpg,Non_Venomous_Snake,Non_Venomous_Snake,Non_Venomous_Snake,0.9992014765739441,0.9992014765739441,True,1.2505552149377763e-12,2.0861883455545321e-13
test/Non_Venomous_Snake/82.jpg,Non_Venomous_Snake,Non_Venomous_Snake,Non_Venomous_Snake,0.9829588532447815,0.982958972454071,True,1.1920928955078125e-07,2.3687579897568867e-08
test/Non_Venomous_Snake/83.jpg,Non_Venomous_Snake,Non_Venomous_Snake,Non_Venomous_Snake,0.961353600025177,0.961353063583374,True,5.699694156646729e-07,1.5805882469521748e-07
test/Non_Venomous_Snake/83612cc4c22f4694c89577510d3c9bdf.jpg,Non_Venomous_Snake,Venomous_Snake,Venomous_Snake,0.6579917669296265,0.657991349697113,True,4.470348358154297e-07,1.2346684741260106e-07
test/Non_Venomous_Snake/85.jpg,Non_Venomous_Snake,Non_Venomous_Snake,Non_Venomous_Snake,0.9779390692710876,0.9779390692710876,True,6.51925802230835e-08,9.313801285770751e-09
test/Non_Venomous_Snake/86.jpg,Non_Venomous_Snake,Non_Venomous_Snake,Non_Venomous_Snake,0.9872558116912842,0.9872556924819946,True,1.387670636177063e-07,3.685500615802084e-08
test/Non_Venomous_Snake/87457288_XS.jpg,Non_Venomous_Snake,Non_Venomous_Snake,Non_Venomous_Snake,0.9921287298202515,0.992128849029541,True,1.1920928955078125e-07,3.4071678811642414e-08
test/Non_Venomous_Snake/9 (2).jpg,Non_Venomous_Snake,Non_Venomous_Snake,Non_Venomous_Snake,0.9197272658348083,0.9197261333465576,True,1.1324882507324219e-06,3.11860048896051e-07
test/Non_Venomous_Snake/9.jpg,Non_Venomous_Snake,Non_Venomous_Snake,Non_Venomous_Snake,0.9947357773780823,0.9947357773780823,True,4.0046870708465576e-08,5.722486484671663e-09
test/Non_Venomous_Snake/9862346-Close-up-of-Common-Rat-Snake-Thailand--Stock-Photo-snake.jpg,Non_Venomous_Snake,Non_Venomous_Snake,Non_Venomous_Snake,0.7103555202484131,0.710353672504425,True,1.8477439880371094e-06,5.066398784947523e-07
test/Non_Venomous_Snake/9geraniyade.jpg,Non_Venomous_Snake,Non_Venomous_Snake,Non_Venomous_Snake,0.8134698271751404,0.813469409942627,True,4.3213367462158203e-07,1.2133992299823149e-07
test/Non_Venomous_Snake/Banded Racer_1105.jpg,Non_Venomous_Snake,Venomous_Snake,Venomous_Snake,0.6108393669128418,0.6108386516571045,True,7.152557373046875e-07,2.001013399421936e-07
test/Non_Venomous_Snake/Banded-Racer-1-700x489.jpg,Non_Venomous_Snake,Non_Venomous_Snake,Non_Venomous_Snake,0.9975724816322327,0.9975724816322327,True,2.421438694000244e-08,3.4597404940939214e-09
test/Non_Venomous_Snake/Banded-Racer-3-700x417.jpg,Non_Venomous_Snake,Non_Venomous_Snake,Non_Venomous_Snake,0.9983963370323181,0.9983963370323181,True,1.4435499906539917e-08,2.062255477497388e-09
test/Non_Venomous_Snake/Banded_Racer_Argyrogena_fasciolata_by_Ashahar_alias_Krishna_Khan.jpg,Non_Venomous_Snake,Non_Venomous_Snake,Non_Venomous_Snake,0.5449574589729309,0.5449550747871399,True,2.384185791015625e-06,6.769388960492506e-07
test/Non_Venomous_Snake/Natrix piscator.jpg,Non_Venomous_Snake,Non_Venomous_Snake,Non_Venomous_Snake,0.9988694787025452,0.9988694787025452,True,7.566995918750763e-09,1.081056799634439e-09
test/Non_Venomous_Snake/PICT6251_fcw.jpg,Non_Venomous_Snake,Non_Venomous_Snake,Non_Venomous_Snake,0.9987939596176147,0.9987939596176147,True,3.8853613659739494e-09,1.0642874359589882e-09
test/Non_Venomous_Snake/Xenochrophis_piscator_at_Kadavoor.jpg,Non_Venomous_Snake,Non_Venomous_Snake,Non_Venomous_Snake,0.9707019329071045,0.970702052116394,True,1.6391277313232422e-07,4.045437407285135e-08
test/Non_Venomous_Snake/banded Racer_001.jpg,Non_Venomous_Snake,Non_Venomous_Snake,Non_Venomous_Snake,0.98689204454422,0.9868918061256409,True,2.384185791015625e-07,5.3218435880353354e-08
test/Non_Venomous_Snake/banded-racer-argyrogena-fasciolata-juvenile-non-venomous-locality-DCDHTP.jpg,Non_Venomous_Snake,Non_Venomous_Snake,Non_Venomous_Snake,0.8680053949356079,0.8680043816566467,True,1.0132789611816406e-06,2.8312277322584123e-07
test/Non_Venomous_Snake/banded-racer-argyrogena-fasciolata-juvenile-non-venomous-locality-h9et85.jpg,Non_Venomous_Snake,Non_Venomous_Snake,Non_Venomous_Snake,0.8193209171295166,0.8193196058273315,True,1.3113021850585938e-06,3.6827159988206404e-07
test/Non_Venomous_Snake/banded-racer-argyrogena-fasciolata-ncbs-bangalore-india-f7n70b.jpg,Non_Venomous_Snake,Non_Venomous_Snake,Non_Venomous_Snake,0.9752760529518127,0.9752762913703918,True,2.384185791015625e-07,6.013682707362022e-08
test/Non_Venomous_Snake/banded-racer-argyrogena-fasciolata-non-venomous-not-common-biting-ac6488.jpg,Non_Venomous_Snake,Non_Venomous_Snake,Non_Venomous_Snake,0.9987356066703796,0.9987356066703796,True,4.773028194904327e-09,6.823741571793107e-10
test/Non_Venomous_Snake/banded-racer-argyrogena-fasciolata-non-venomous-not-common-juvenile-A6TT4N.jpg,Non_Venomous_Snake,Non_Venomous_Snake,Non_Venomous_Snake,0.9712265729904175,0.9712266325950623,True,8.009374141693115e-08,1.9957340668952384e-08
test/Non_Venomous_Snake/banded-racer-argyrogena-fasciolata-non-venomous-not-common-juvenile-A6TT4T.jpg,Non_Venomous_Snake,Non_Venomous_Snake,Non_Venomous_Snake,0.9874958992004395,0.9874958992004395,True,1.30385160446167e-08,1.862663356888561e-09
test/Non_Venomous_Snake/banded-racer-argyrogena-fasciolata-non-venomous-not-common-kalbeliya-AT2BHP.jpg,Non_Venomous_Snake,Venomous_Snake,Venomous_Snake,0.9580259323120117,0.9580258131027222,True,1.1920928955078125e-07,3.354791644483157e-08
test/Non_Venomous_Snake/banded-racerargyrogena-fasciolata-ncbs-bangalore-india-f7n6yr.jpg,Non_Venomous_Snake,Non_Venomous_Snake,Non_Venomous_Snake,0.9656478762626648,0.9656478762626648,True,2.9802322387695312e-08,4.258008612367803e-09
test/Non_Venomous_Snake/banded.jpg,Non_Venomous_Snake,Non_Venomous_Snake,Non_Venomous_Snake,0.887183666229248,0.8871837258338928,True,1.043081283569336e-07,2.3416124150799078e-08
test/Non_Venomous_Snake/banded_racer2.JPG,Non_Venomous_Snake,Non_Venomous_Snake,Non_Venomous_Snake,0.9596183896064758,0.959618330001831,True,1.1175870895385742e-07,2.4596962688860913e-08
test/Non_Venomous_Snake/bandedd.jpg,Non_Venomous_Snake,Non_Venomous_Snake,Non_Venomous_Snake,0.9981277585029602,0.9981277585029602,True,6.28642737865448e-09,8.981655974515945e-10
test/Non_Venomous_Snake/flagellum_19mar11_1b.jpg,Non_Venomous_Snake,Non_Venomous_Snake,Non_Venomous_Snake,0.9973588585853577,0.9973588585853577,True,1.234002411365509e-08,1.762892387624504e-09
test/Non_Venomous_Snake/img6.jpg,Non_Venomous_Snake,Non_Venomous_Snake,Non_Venomous_Snake,0.9346027970314026,0.9346022009849548,True,6.48200511932373e-07,1.7775562355382135e-07
test/Non_Venomous_Snake/maxresdefault_006.jpg,Non_Venomous_Snake,Non_Venomous_Snake,Non_Venomous_Snake,0.9810971021652222,0.9810973405838013,True,2.384185791015625e-07,6.173361555283918e-08
test/Non_Venomous_Snake/medium.JPG,Non_Venomous_Snake,Non_Venomous_Snake,Non_Venomous_Snake,0.9967513084411621,0.9967513084411621,True,1.862645149230957e-08,2.660927256314949e-09
test/Non_Venomous_Snake/stock-photo-green-snake-checkered-keelback-xenochrophis-piscator-621348263.jpg,Non_Venomous_Snake,Non_Venomous_Snake,Non_Venomous_Snake,0.9998877048492432,0.9998877048492432,True,9.604264050722122e-10,1.372348623629449e-10
test/Non_Venomous_Snake/stock-photo-green-snake-checkered-keelback-xenochrophis-piscator-621348284.jpg,Non_Venomous_Snake,Non_Venomous_Snake,Non_Venomous_Snake,0.9913852214813232,0.9913852214813232,True,9.872019290924072e-08,1.4103640921803162e-08
test/Non_Venomous_Snake/stock-photo-green-snake-checkered-keelback-xenochrophis-piscator-621348332.jpg,Non_Venomous_Snake,Non_Venomous_Snake,Non_Venomous_Snake,0.9500407576560974,0.9500414729118347,True,7.152557373046875e-07,2.0279551904422988e-07
test/Non_Venomous_Snake/stock-photo-green-snake-checkered-keelback-xenochrophis-piscator-621348356.jpg,Non_Venomous_Snake,Non_Venomous_Snake,Non_Venomous_Snake,0.9573485851287842,0.9573488235473633,True,2.384185791015625e-07,6.394115814600809e-08
test/Non_Venomous_Snake/stunningly-beautiful-snake-with-clear-checkered-marks.jpg,Non_Venomous_Snake,Non_Venomous_Snake,Non_Venomous_Snake,0.999416708946228,0.999416708946228,True,3.899913281202316e-09,5.571379468882753e-10
test/Non_Venomous_Snake/xenochrophis-piscator-checkered-keelback-non-venomous-arunachal-pradesh-h9erhb.jpg,Non_Venomous_Snake,Non_Venomous_Snake,Non_Venomous_Snake,0.9865416288375854,0.9865416288375854,True,5.122274160385132e-08,7.317838335296756e-09
test/Non_Venomous_Snake/xenochrophis-piscator-checkered-keelback-water-snake-close-up-non-h9erxp.jpg,Non_Venomous_Snake,Non_Venomous_Snake,Non_Venomous_Snake,0.7151018381118774,0.715100884437561,True,9.834766387939453e-07,2.7673596036947856e-07
test/Non_Venomous_Snake/xenochrophis-piscator-checkered-keelback-water-snake-non-venomous-DFBH00.jpg,Non_Venomous_Snake,Venomous_Snake,Venomous_Snake,0.9424067139625549,0.9424076676368713,True,9.834766387939453e-07,2.767359035260597e-07
test/Non_Venomous_Snake/xenochrophis-piscator-checkered-keelback-water-snake-non-venomous-H9ERXF.jpg,Non_Venomous_Snake,Non_Venomous_Snake,Non_Venomous_Snake,0.9571406245231628,0.9571406841278076,True,1.1920928955078125e-07,2.554484801464696e-08
test/Non_Venomous_Snake/xenochrophis-piscator-checkered-keelback-water-snake-non-venomous-h9ertg.jpg,Non_Venomous_Snake,Non_Venomous_Snake,Non_Venomous_Snake,0.9927846193313599,0.9927845001220703,True,1.1920928955078125e-07,2.0402442402200904e-08
test/Non_Venomous_Snake/xenochrophis-piscator-checkered-keelback-water-snake-non-venomous-h9erxh.jpg,Non_Venomous_Snake,Non_Venomous_Snake,Non_Venomous_Snake,0.8017233610153198,0.8017253875732422,True,2.0265579223632812e-06,5.683728545591293e-07
test/Non_Venomous_Snake/xenochrophis-piscator-checkered-keelback-water-snake-non-venomous-h9erxk.jpg,Non_Venomous_Snake,Non_Venomous_Snake,Non_Venomous_Snake,0.9520492553710938,0.9520488381385803,True,5.252659320831299e-07,1.3464278936226037e-07
test/Non_Venomous_Snake/yellow-spotted-keelback-11-26-10-in-payao-province-31.jpg,Non_Venomous_Snake,Non_Venomous_Snake,Non_Venomous_Snake,0.6804298162460327,0.6804301738739014,True,4.470348358154297e-07,1.149728205973588e-07
test/Non_Venomous_Snake/yellow-spotted-keelback-11-26-10-in-payao-province1.jpg,Non_Venomous_Snake,Non_Venomous_Snake,Non_Venomous_Snake,0.8931412100791931,0.8931412696838379,True,1.043081283569336e-07,2.3416275141130427e-08
test/Non_Venomous_Snake/yellow-spotted-keelback-3-17-11-in-ramkhamhaeng.jpg,Non_Venomous_Snake,Non_Venomous_Snake,Non_Venomous_Snake,0.9999829530715942,0.9999829530715942,True,1.800799509510398e-10,2.5725825983369255e-11
test/Non_Venomous_Snake/yellow-spotted-keelback-xenocropis-flavipunctus-vietnam-alex-krohn-21.jpg,Non_Venomous_Snake,Non_Venomous_Snake,Non_Venomous_Snake,0.9516803026199341,0.9516809582710266,True,6.556510925292969e-07,1.8147522951039718e-07
test/Non_Venomous_Snake/yellowspottedkeelback.jpg,Non_Venomous_Snake,Venomous_Snake,Venomous_Snake,0.7904009222984314,0.7904012799263,True,3.5762786865234375e-07,9.366460318460668e-08
test/Venomous_Snake/0.jpg,Venomous_Snake,Venomous_Snake,Venomous_Snake,0.9993484616279602,0.9993484616279602,True,5.6461431086063385e-09,8.067754242446767e-10
test/Venomous_Snake/00409260.jpg,Venomous_Snake,Venomous_Snake,Venomous_Snake,0.9973868727684021,0.9973868727684021,True,8.614733815193176e-09,1.2335105159522186e-09
test/Venomous_Snake/00550438.jpg,Venomous_Snake,Venomous_Snake,Venomous_Snake,0.9100677967071533,0.9100682735443115,True,4.76837158203125e-07,1.3517596642032004e-07
test/Venomous_Snake/0191.jpg,Venomous_Snake,Venomous_Snake,Venomous_Snake,0.9999442100524902,0.9999442100524902,True,4.802132025361061e-10,6.872951513470227e-11
test/Venomous_Snake/01AS-QYGA.jpg,Venomous_Snake,Venomous_Snake,Venomous_Snake,0.9999624490737915,0.9999624490737915,True,3.2741809263825417e-11,4.754508418913783e-12
test/Venomous_Snake/01DSC_6599.JPG,Venomous_Snake,Venomous_Snake,Venomous_Snake,0.7065823078155518,0.7065834999084473,True,1.1920928955078125e-06,3.405979782655777e-07
test/Venomous_Snake/025c68f55a8efc9290a8435db743bbf3--the-big-four-the-ojays.jpg,Venomous_Snake,Venomous_Snake,Venomous_Snake,0.9997255206108093,0.9997255206108093,True,3.446132268436486e-13,6.403607705944905e-14
test/Venomous_Snake/02tvCommon_Krait__S_824501g.jpg,Venomous_Snake,Venomous_Snake,Venomous_Snake,0.9998641014099121,0.9998641014099121,True,7.712515071034431e-10,1.1028451069039491e-10
test/Venomous_Snake/03 Spectacled Cobra 1.JPG,Venomous_Snake,Venomous_Snake,Venomous_Snake,0.9995365142822266,0.999536395072937,True,1.1920928955078125e-07,1.743371846885111e-08
test/Venomous_Snake/0390.jpg,Venomous_Snake,Venomous_Snake,Venomous_Snake,0.9999942779541016,0.9999942779541016,True,1.6370904631912708e-11,2.3431426070252837e-12
test/Venomous_Snake/03cobra.jpg,Venomous_Snake,Venomous_Snake,Venomous_Snake,0.9996047616004944,0.9996047616004944,True,4.685716703534126e-09,6.729758417201026e-10
test/Venomous_Snake/0442c0e88fb9b22c0d608a9b25577469--naja-cobra.jpg,Venomous_Snake,Venomous_Snake,Venomous_Snake,1.0,1.0,True,1.582067810090848e-15,2.821055406929064e-16
test/Venomous_Snake/0499.jpg,Venomous_Snake,Venomous_Snake,Venomous_Snake,0.9998117089271545,0.9998117089271545,True,3.637978807091713e-10,5.199439143122042e-11
test/Venomous_Snake/0564.jpg,Venomous_Snake,Venomous_Snake,Venomous_Snake,0.9998465776443481,0.9998465776443481,True,3.055902197957039e-10,4.372691098097903e-11
test/Venomous_Snake/06.jpg,Venomous_Snake,Venomous_Snake,Venomous_Snake,0.9997130036354065,0.9997130036354065,True,1.6298145055770874e-09,2.328549020269577e-10
test/Venomous_Snake/08JulPykke02 viper.ART_G835841D7.1+09THRUSSELL_VIPER_2.jpg,Venomous_Snake,Venomous_Snake,Venomous_Snake,0.925354540348053,0.9253544211387634,True,1.341104507446289e-07,3.618853483544626e-08
test/Venomous_Snake/0_7a209fcba04a5c21f4181e692723c0ca.jpg,Venomous_Snake,Venomous_Snake,Venomous_Snake,0.9999983310699463,0.9999983310699463,True,7.16227077646181e-12,1.0251363560115356e-12
test/Venomous_Snake/1 (2).jpg,Venomous_Snake,Venomous_Snake,Venomous_Snake,0.9972381591796875,0.9972381591796875,True,1.4435499906539917e-08,2.0743382567189883e-09
test/Venomous_Snake/1 (3).jpg,Venomous_Snake,Venomous_Snake,Venomous_Snake,0.9381642937660217,0.9381645917892456,True,2.980232238769531e-07,8.248859018067378e-08
test/Venomous_Snake/1-Common-Indian-Krait-Bungarus-Caeruleus.jpg,Venomous_Snake,Venomous_Snake,Venomous_Snake,0.9836837649345398,0.9836837649345398,True,6.146728992462158e-08,8.781045224282025e-09
test/Venomous_Snake/1-s2.0-S1080603207702168-gr1.jpg,Venomous_Snake,Venomous_Snake,Venomous_Snake,0.9878707528114319,0.9878707528114319,True,1.7695128917694092e-08,2.5431035055589746e-09
test/Venomous_Snake/1.jpg,Venomous_Snake,Venomous_Snake,Venomous_Snake,0.9870505332946777,0.9870504140853882,True,1.1920928955078125e-07,3.086698896481721e-08
test/Venomous_Snake/1015822449_d6aa87bc25.jpg,Venomous_Snake,Non_Venomous_Snake,Non_Venomous_Snake,0.7369149327278137,0.7369146943092346,True,2.384185791015625e-07,5.960517768244245e-08
test/Venomous_Snake/11.Monocled Cobra.jpg,Venomous_Snake,Venomous_Snake,Venomous_Snake,0.9998559951782227,0.9998559951782227,True,1.9208528101444244e-09,2.7492758070124523e-10
test/Venomous_Snake/1124russviper001.JPG,Venomous_Snake,Venomous_Snake,Venomous_Snake,0.6923303008079529,0.6923284530639648,True,1.8477439880371094e-06,5.236695983512618e-07
test/Venomous_Snake/114-viper.jpg,Venomous_Snake,Venomous_Snake,Venomous_Snake,0.9992659687995911,0.9992659687995911,True,2.7939677238464355e-09,4.0117345556645034e-10
test/Venomous_Snake/119.jpg,Venomous_Snake,Venomous_Snake,Venomous_Snake,0.936466634273529,0.9364674091339111,True,7.748603820800781e-07,2.1606686573250045e-07
test/Venomous_Snake/12.SNAKECONFLICT2008SLIDE-1.jpg,Venomous_Snake,Venomous_Snake,Venomous_Snake,0.9881195425987244,0.9881197214126587,True,1.7881393432617188e-07,5.10899340611104e-08
test/Venomous_Snake/12700.jpg,Venomous_Snake,Venomous_Snake,Venomous_Snake,0.9999868869781494,0.9999868869781494,True,1.3642420526593924e-10,1.9532883990813765e-11
test/Venomous_Snake/13-F-Keels--Scales-of-the-Saw-scaled-Viper.jpg,Venomous_Snake,Deer,Deer,0.5760765671730042,0.5760774612426758,True,1.6093254089355469e-06,7.225732474580582e-07
test/Venomous_Snake/1317472028Naja kauthia.jpg,Venomous_Snake,Venomous_Snake,Venomous_Snake,0.9998928308486938,0.9998928308486938,True,1.0186340659856796e-10,1.456065996940925e-11
test/Venomous_Snake/13350233_1079893875431314_5715026036656697829_o.jpg,Venomous_Snake,Non_Venomous_Snake,Non_Venomous_Snake,0.9715645909309387,0.9715642333030701,True,3.5762786865234375e-07,9.605961537317853e-08
test/Venomous_Snake/13582625-king-cobra-Ophiophagus-hannah-poisonous-white-background-Stock-Photo.jpg,Venomous_Snake,Venomous_Snake,Venomous_Snake,0.9996680021286011,0.9996680021286011,True,2.3447910280083306e-13,3.620318427639477e-14
test/Venomous_Snake/160110 100lop.jpg,Venomous_Snake,Venomous_Snake,Venomous_Snake,1.0,1.0,True,6.245004513516506e-17,1.0986349852494522e-17
test/Venomous_Snake/1930805.jpg,Venomous_Snake,Venomous_Snake,Venomous_Snake,1.0,1.0,True,6.453171330633722e-16,9.384679039791359e-17
test/Venomous_Snake/2 (2).jpg,Venomous_Snake,Venomous_Snake,Venomous_Snake,0.9263065457344055,0.9263063669204712,True,1.9371509552001953e-07,5.322448970446203e-08
test/Venomous_Snake/2.jpg,Venomous_Snake,Venomous_Snake,Venomous_Snake,0.9990515112876892,0.9990515112876892,True,2.6775524020195007e-09,3.8533570778653825e-10
test/Venomous_Snake/20090613_Daboia_russelii_Russells_Viper_Kettenviper_Pune.jpg,Venomous_Snake,Venomous_Snake,Venomous_Snake,0.6902951598167419,0.6902963519096375,True,1.2218952178955078e-06,3.448554366514145e-07
test/Venomous_Snake/200px-Naja_kaouthia.jpg,Venomous_Snake,Venomous_Snake,Venomous_Snake,0.9984764456748962,0.9984765648841858,True,1.1920928955078125e-07,2.0839546976958445e-08
test/Venomous_Snake/2013-KINGCOBRA-08.jpg,Venomous_Snake,Venomous_Snake,Venomous_Snake,0.9999994039535522,0.9999994039535522,True,4.320099833421409e-12,6.949351575961937e-13
test/Venomous_Snake/20855503-Adult-Russell-s-Viper-Daboia-russelii-Tamil-Nadu-South-India-Stock-Photo.jpg,Venomous_Snake,Venomous_Snake,Venomous_Snake,0.9944841265678406,0.9944841265678406,True,5.774199962615967e-08,8.250519378805166e-09
test/Venomous_Snake/20855505-Camouflage-pattern-on-adult-Russell-s-Viper-Daboia-russelii-Tamil-Nadu-South-India-Stock-Photo.jpg,Venomous_Snake,Venomous_Snake,Venomous_Snake,0.9222204685211182,0.9222208261489868,True,3.5762786865234375e-07,9.898638353433853e-08
test/Venomous_Snake/2180514e186a040692de298c7be66e95.jpg,Venomous_Snake,Venomous_Snake,Venomous_Snake,0.9999933242797852,0.9999933242797852,True,2.546585164964199e-11,3.64132595603861e-12
test/Venomous_Snake/2186482800_bfcf31f866_b.jpg,Venomous_Snake,Venomous_Snake,Venomous_Snake,0.9999901056289673,0.9999901056289673,True,9.276845958083868e-11,1.3463845489891657e-11
test/Venomous_Snake/220px-King-Cobra.jpg,Venomous_Snake,Venomous_Snake,Venomous_Snake,0.9999998807907104,0.9999998807907104,True,9.237055564881302e-13,1.544617569699397e-13
test/Venomous_Snake/220px-Naja_naja_(Indian_cobra).jpg,Venomous_Snake,Non_Venomous_Snake,Non_Venomous_Snake,0.8289152979850769,0.828914225101471,True,1.087784767150879e-06,3.08678153260189e-07
test/Venomous_Snake/220px-Russells_viper_in_pune_zoo.jpg,Venomous_Snake,Non_Venomous_Snake,Non_Venomous_Snake,0.5864566564559937,0.5864589810371399,True,2.3245811462402344e-06,6.59908835132228e-07
test/Venomous_Snake/220px-Spectacled_cobra.JPG,Venomous_Snake,Venomous_Snake,Venomous_Snake,0.998542070388794,0.998542070388794,True,6.752088665962219e-09,9.933179834220596e-10
test/Venomous_Snake/225296_10150320235058504_683593503_10024128_7013317_n.jpg,Venomous_Snake,Venomous_Snake,Venomous_Snake,0.9999809265136719,0.9999809265136719,True,1.6370904631912708e-10,2.3670589793800545e-11
test/Venomous_Snake/235edf110f56286064e2f303e6006fb8--pet-peeves-cobra-snake.jpg,Venomous_Snake,Venomous_Snake,Venomous_Snake,0.9999998807907104,0.9999998807907104,True,9.308109838457312e-13,1.8731382818524406e-13
test/Venomous_Snake/252576_10150346420778504_683593503_10295742_5461375_n.jpg,Venomous_Snake,Venomous_Snake,Venomous_Snake,0.8447304964065552,0.8447293639183044,True,1.1324882507324219e-06,3.235680594571022e-07
test/Venomous_Snake/26.jpg,Venomous_Snake,Venomous_Snake,Venomous_Snake,0.7489269971847534,0.7489257454872131,True,1.2516975402832031e-06,3.5767749295700924e-07
test/Venomous_Snake/263591_10150346421368504_683593503_10295748_8378405_n (6).jpg,Venomous_Snake,Venomous_Snake,Venomous_Snake,0.999196469783783,0.999196469783783,True,1.3445969671010971e-08,1.9210808499536824e-09
test/Venomous_Snake/27.jpg,Venomous_Snake,Venomous_Snake,Venomous_Snake,0.9939380884170532,0.9939380884170532,True,2.2817403078079224e-08,3.25973248394007e-09
test/Venomous_Snake/2962717801_da28a393d6.jpg,Venomous_Snake,Venomous_Snake,Venomous_Snake,0.9999974966049194,0.9999974966049194,True,2.864908310584724e-11,4.104524446019164e-12
test/Venomous_Snake/2E69467C00000578-3317003-image-m-26_1447421012740.jpg,Venomous_Snake,Non_Venomous_Snake,Non_Venomous_Snake,0.6597700715065002,0.6597681045532227,True,1.9669532775878906e-06,5.492144623531203e-07
test/Venomous_Snake/3 (2).jpg,Venomous_Snake,Venomous_Snake,Venomous_Snake,0.9968056678771973,0.9968056678771973,True,1.955777406692505e-08,2.794182663024003e-09
test/Venomous_Snake/3.jpg,Venomous_Snake,Venomous_Snake,Venomous_Snake,0.9997795224189758,0.9997795224189758,True,3.157765604555607e-09,4.511162832177007e-10
test/Venomous_Snake/30 (2).jpg,Venomous_Snake,Venomous_Snake,Venomous_Snake,0.7938058972358704,0.7938048839569092,True,1.0132789611816406e-06,2.7677091907207796e-07
test/Venomous_Snake/30 (3).jpg,Venomous_Snake,Venomous_Snake,Venomous_Snake,0.9933658242225647,0.9933658242225647,True,3.771856427192688e-08,5.388565149644364e-09
test/Venomous_Snake/30.jpg,Venomous_Snake,Venomous_Snake,Venomous_Snake,0.9998132586479187,0.9998132586479187,True,1.4115357771515846e-09,2.0416544843637752e-10
test/Venomous_Snake/31 copy.jpg,Venomous_Snake,Venomous_Snake,Venomous_Snake,0.9995644688606262,0.9995644688606262,True,7.043126970529556e-09,1.0065545064108505e-09
test/Venomous_Snake/3110614239_af173ac2ae.jpg,Venomous_Snake,Venomous_Snake,Venomous_Snake,0.9999754428863525,0.9999754428863525,True,5.184119800105691e-11,1.636811346183986e-11
test/Venomous_Snake/32 (2).jpg,Venomous_Snake,Venomous_Snake,Venomous_Snake,0.9999390840530396,0.9999390840530396,True,5.820766091346741e-11,8.32221618007889e-12
test/Venomous_Snake/32.jpg,Venomous_Snake,Venomous_Snake,Venomous_Snake,0.9999998807907104,0.9999998807907104,True,1.4281908988778014e-12,2.0616444478243484e-13
test/Venomous_Snake/34.jpg,Venomous_Snake,Venomous_Snake,Venomous_Snake,0.9718598127365112,0.9718596935272217,True,1.5832483768463135e-07,3.965879713518916e-08
test/Venomous_Snake/35.jpg,Venomous_Snake,Venomous_Snake,Venomous_Snake,0.9971445202827454,0.9971445202827454,True,2.7939677238464355e-09,3.991522112833934e-10
test/Venomous_Snake/37.jpg,Venomous_Snake,Venomous_Snake,Venomous_Snake,0.9997658133506775,0.9997658133506775,True,6.693881005048752e-10,9.568332931531032e-11
test/Venomous_Snake/38 (2).jpg,Venomous_Snake,Venomous_Snake,Venomous_Snake,0.704494059085846,0.7044958472251892,True,1.7881393432617188e-06,5.108988148094795e-07
test/Venomous_Snake/38.jpg,Venomous_Snake,Venomous_Snake,Venomous_Snake,0.9926419854164124,0.9926418662071228,True,1.1920928955078125e-07,2.993941095041919e-08
test/Venomous_Snake/39e574b4966c870035f7e3c9378379b2.jpg,Venomous_Snake,Venomous_Snake,Venomous_Snake,0.9870381355285645,0.9870381355285645,True,7.35744833946228e-08,1.0511086223630173e-08
test/Venomous_Snake/3CA83C7400000578-4172360-image-m-57_1485792904526.jpg,Venomous_Snake,Venomous_Snake,Venomous_Snake,0.7666471004486084,0.7666482925415039,True,1.430511474609375e-06,4.439911549525277e-07
test/Venomous_Snake/3D05259A00000578-4209222-image-a-31_1486675129282.jpg,Venomous_Snake,Venomous_Snake,Venomous_Snake,0.9964995384216309,0.9964994192123413,True,1.1920928955078125e-07,3.2158663287873424e-08
test/Venomous_Snake/3ddc49b3f743b547e095a1fd910cb902--king-cobra-snakes.jpg,Venomous_Snake,Venomous_Snake,Venomous_Snake,0.9981486797332764,0.9981486797332764,True,1.501757651567459e-08,2.215195138433046e-09
test/Venomous_Snake/3f7b41317b2248121c9fa4fbbff48074--cobra-snake-slytherin.jpg,Venomous_Snake,Venomous_Snake,Venomous_Snake,1.0,1.0,True,1.8474111129762605e-13,2.695859384522787e-14
test/Venomous_Snake/40.jpg,Venomous_Snake,Venomous_Snake,Venomous_Snake,0.9936503767967224,0.993650496006012,True,1.210719347000122e-07,3.434587370065856e-08
test/Venomous_Snake/4179-39698.jpg,Venomous_Snake,Venomous_Snake,Venomous_Snake,0.9990060925483704,0.9990060925483704,True,3.725290298461914e-09,5.352338017239333e-10
test/Venomous_Snake/4182f3e0ec2558bb23cf61828f7c752d--king-cobra-southeast-asia.jpg,Venomous_Snake,Venomous_Snake,Venomous_Snake,0.9999998807907104,0.9999998807907104,True,1.2043699371133698e-12,2.224419514687201e-13
test/Venomous_Snake/42.jpg,Venomous_Snake,Venomous_Snake,Venomous_Snake,0.7654480338096619,0.7654491066932678,True,1.0728836059570312e-06,2.9802399126310775e-07
test/Venomous_Snake/426b89d75ff053790e7ec2abe117f78c--cobra-snake-poisonous-snakes.jpg,Venomous_Snake,Venomous_Snake,Venomous_Snake,0.9999954700469971,0.9999954700469971,True,8.731149137020111e-11,1.2563454616920655e-11
test/Venomous_Snake/429462b69e738da2cc54bd5a8ef5b4b1.jpg,Venomous_Snake,Venomous_Snake,Venomous_Snake,0.9980462789535522,0.9980462789535522,True,1.641456037759781e-08,2.4508040041837376e-09
test/Venomous_Snake/43.jpg,Venomous_Snake,Venomous_Snake,Venomous_Snake,0.989087700843811,0.989087700843811,True,3.073364496231079e-08,4.391502272937942e-09
test/Venomous_Snake/44.jpg,Venomous_Snake,Venomous_Snake,Venomous_Snake,0.9820292592048645,0.982029139995575,True,1.1920928955078125e-07,3.4059979725498124e-08
test/Venomous_Snake/45.jpg,Venomous_Snake,Venomous_Snake,Venomous_Snake,0.6624534130096436,0.6624553799629211,True,1.9669532775878906e-06,5.577295496550505e-07
test/Venomous_Snake/4975186.jpg,Venomous_Snake,Venomous_Snake,Venomous_Snake,0.9999548196792603,0.9999548196792603,True,1.545430450278218e-13,2.5067250589171954e-14
test/Venomous_Snake/5-dog-beat-cobra-795x447.jpg,Venomous_Snake,Deer,Deer,0.9473154544830322,0.9473156332969666,True,1.7881393432617188e-07,4.285136157022862e-08
test/Venomous_Snake/5.jpg,Venomous_Snake,Venomous_Snake,Venomous_Snake,0.998831570148468,0.998831570148468,True,1.4435499906539917e-08,2.0630497310492046e-09
test/Venomous_Snake/501001_8697602067eba4ehhlpe07.jpg,Venomous_Snake,Venomous_Snake,Venomous_Snake,0.682363748550415,0.6823672652244568,True,3.516674041748047e-06,1.004764044409967e-06
test/Venomous_Snake/501121_298677f067eba4fv1mjc07.jpg,Venomous_Snake,Venomous_Snake,Venomous_Snake,0.9722437858581543,0.9722439050674438,True,1.825392246246338e-07,4.310694023956785e-08
test/Venomous_Snake/5207091.jpg,Venomous_Snake,Venomous_Snake,Venomous_Snake,0.9998914003372192,0.9998914003372192,True,1.3387762010097504e-09,1.9125609429515578e-10
test/Venomous_Snake/520e37a2-d600-4c4f-8f19-6b87429fc7a0.Full_.jpg,Venomous_Snake,Venomous_Snake,Venomous_Snake,0.9974554181098938,0.9974555373191833,True,1.1920928955078125e-07,1.9260690820033233e-08
test/Venomous_Snake/5384077d7fe23.jpg,Venomous_Snake,Venomous_Snake,Venomous_Snake,0.9115669131278992,0.9115662574768066,True,6.556510925292969e-07,1.9905532155917172e-07
test/Venomous_Snake/5384096bcdfba.jpg,Venomous_Snake,Venomous_Snake,Venomous_Snake,0.9980564713478088,0.9980564713478088,True,3.725290298461914e-09,5.328170682439293e-10
test/Venomous_Snake/5384096bea0ed.jpg,Venomous_Snake,Venomous_Snake,Venomous_Snake,0.9968591928482056,0.9968591928482056,True,1.6530975699424744e-08,2.361767004188664e-09
test/Venomous_Snake/5384096c1c063.jpg,Venomous_Snake,Venomous_Snake,Venomous_Snake,0.9999850988388062,0.9999850988388062,True,1.4097167877480388e-10,2.0139214948478035e-11
test/Venomous_Snake/5419812_orig.jpg,Venomous_Snake,Venomous_Snake,Venomous_Snake,0.9990500807762146,0.9990500807762146,True,1.5774276107549667e-08,2.2536228438951866e-09
test/Venomous_Snake/58680357_PW36.jpg,Venomous_Snake,Venomous_Snake,Venomous_Snake,0.9999730587005615,0.9999730587005615,True,2.637534635141492e-11,1.082676830133078e-11
test/Venomous_Snake/58680358_PW36.jpg,Venomous_Snake,Venomous_Snake,Venomous_Snake,0.9999996423721313,0.9999996423721313,True,1.5347723092418164e-12,3.9734646237361837e-13
test/Venomous_Snake/58680361_PW36.jpg,Venomous_Snake,Venomous_Snake,Venomous_Snake,0.9999988079071045,0.9999988079071045,True,2.2737367544323206e-12,3.280788455576472e-13
test/Venomous_Snake/6.jpg,Venomous_Snake,Venomous_Snake,Venomous_Snake,1.0,1.0,True,3.268496584496461e-13,4.6767362253891456e-14
test/Venomous_Snake/614a34a77654e6726429703e150dea3e.jpg,Venomous_Snake,Venomous_Snake,Venomous_Snake,0.9975784420967102,0.9975784420967102,True,5.4016709327697754e-08,7.724592521185514e-09
test/Venomous_Snake/621cc2e9123ff3733add9cf51d374c1c--top-five-hady.jpg,Venomous_Snake,Venomous_Snake,Venomous_Snake,0.9996169805526733,0.9996169805526733,True,7.275957614183426e-10,1.0394941851732398e-10
test/Venomous_Snake/628592919_285e1def53_b.jpg,Venomous_Snake,Venomous_Snake,Venomous_Snake,0.9983521699905396,0.9983521699905396,True,9.42964106798172e-09,1.3471198601067158e-09
test/Venomous_Snake/6O4A0379.jpg,Venomous_Snake,Venomous_Snake,Venomous_Snake,0.999984622001648,0.999984622001648,True,1.4551915228366852e-11,2.0811874359288884e-12
test/Venomous_Snake/6O4A0417.jpg,Venomous_Snake,Venomous_Snake,Venomous_Snake,0.9999997615814209,0.9999997615814209,True,2.7853275241795927e-12,3.983375586845417e-13
test/Venomous_Snake/6b6da31906462414e878d1dd90aa146c--snake-wallpaper-hd-wallpaper.jpg,Venomous_Snake,Venomous_Snake,Venomous_Snake,0.9999991655349731,0.9999991655349731,True,2.5124791136477143e-11,3.717632538619009e-12
test/Venomous_Snake/7417839_orig.jpg,Venomous_Snake,Venomous_Snake,Venomous_Snake,0.9998220801353455,0.9998220801353455,True,4.583853296935558e-09,6.548375175441379e-10
test/Venomous_Snake/80098531.jpg,Venomous_Snake,Venomous_Snake,Venomous_Snake,0.9997392296791077,0.9997392296791077,True,4.94765117764473e-10,7.083460901169403e-11
test/Venomous_Snake/817-21250.jpg,Venomous_Snake,Venomous_Snake,Venomous_Snake,0.9996906518936157,0.9996906518936157,True,3.550667315721512e-09,5.097566257994401e-10
test/Venomous_Snake/858129_1280x720.jpg,Venomous_Snake,Venomous_Snake,Venomous_Snake,0.9999723434448242,0.9999723434448242,True,2.7284841053187847e-11,4.383324866269467e-12
test/Venomous_Snake/8fa72038962b6df573adbdd40eb3bdea.jpg,Venomous_Snake,Venomous_Snake,Venomous_Snake,0.9823834896087646,0.9823836088180542,True,1.1920928955078125e-07,2.501458595816075e-08
test/Venomous_Snake/900-464852747-russells-viper.jpg,Venomous_Snake,Non_Venomous_Snake,Non_Venomous_Snake,0.8438817858695984,0.8438827395439148,True,1.0132789611816406e-06,2.809935324421531e-07
test/Venomous_Snake/90202668.jpg,Venomous_Snake,Venomous_Snake,Venomous_Snake,0.9908506274223328,0.9908507466316223,True,1.1920928955078125e-07,3.29955689437611e-08
test/Venomous_Snake/90215640.jpg,Venomous_Snake,Venomous_Snake,Venomous_Snake,0.9999997615814209,0.9999997615814209,True,1.4495071809506044e-12,2.5917164464886455e-13
test/Venomous_Snake/92.jpg,Venomous_Snake,Venomous_Snake,Venomous_Snake,0.993718147277832,0.993718147277832,True,1.4901161193847656e-08,2.183826675050682e-09
test/Venomous_Snake/9222.jpg,Venomous_Snake,Venomous_Snake,Venomous_Snake,0.804595410823822,0.8045943975448608,True,1.0579824447631836e-06,2.9589995165224536e-07
test/Venomous_Snake/9eb07e02004a8a7daa4e75dd0dade2a7.jpg,Venomous_Snake,Venomous_Snake,Venomous_Snake,0.9999730587005615,0.9999730587005615,True,7.457856554538012e-11,1.1151191081637535e-11
test/Venomous_Snake/CY025J-1.jpg,Venomous_Snake,Venomous_Snake,Venomous_Snake,0.9973748922348022,0.9973748922348022,True,2.2584572434425354e-08,3.2321618714803435e-09
test/Venomous_Snake/Close-up-of-Palestine-saw-scaled-viper.jpg,Venomous_Snake,Venomous_Snake,Venomous_Snake,0.9662058353424072,0.9662057757377625,True,1.601874828338623e-07,3.151847494109461e-08
test/Venomous_Snake/Echis carinatus sinhaleyus_001.jpg,Venomous_Snake,Venomous_Snake,Venomous_Snake,0.994207501411438,0.9942076206207275,True,1.1920928955078125e-07,2.3620085443099015e-08
test/Venomous_Snake/Echis_carinatus_head_sal.jpg,Venomous_Snake,Venomous_Snake,Venomous_Snake,0.9934484362602234,0.9934484362602234,True,5.115907697472721e-13,1.1917451346512425e-13
test/Venomous_Snake/_62580566__45828483_saw_scaled_viper_spl.jpg,Venomous_Snake,Venomous_Snake,Venomous_Snake,0.9989567995071411,0.9989567995071411,True,5.820766091346741e-10,9.53137221926248e-11
test/Venomous_Snake/_837b1414-50e6-11e6-8d8d-a42edc5c5383.JPG,Venomous_Snake,Venomous_Snake,Venomous_Snake,0.9881347417831421,0.9881348609924316,True,1.1920928955078125e-07,2.1686515694341324e-08
test/Venomous_Snake/_D096405.jpg,Venomous_Snake,Venomous_Snake,Venomous_Snake,0.7428649663925171,0.7428656220436096,True,7.748603820800781e-07,2.0435906833426998e-07
test/Venomous_Snake/_D096710.jpg,Venomous_Snake,Venomous_Snake,Venomous_Snake,0.820072591304779,0.8200718760490417,True,7.152557373046875e-07,2.04379276169675e-07
test/Venomous_Snake/_DSC0082.jpg,Venomous_Snake,Non_Venomous_Snake,Non_Venomous_Snake,0.9290458559989929,0.9290463924407959,True,5.364418029785156e-07,1.49011640360186e-07
test/Venomous_Snake/_DSC0260.jpg,Venomous_Snake,Venomous_Snake,Venomous_Snake,0.999935507774353,0.999935507774353,True,5.820766091346741e-11,9.4138663878085e-12
test/Venomous_Snake/_DSC0273g.jpg,Venomous_Snake,Venomous_Snake,Venomous_Snake,0.9990572333335876,0.9990572333335876,True,2.270098775625229e-09,3.244708945970842e-10
test/Venomous_Snake/_a0addf20-4e76-11e6-8d8d-a42edc5c5383.jpg,Venomous_Snake,Venomous_Snake,Venomous_Snake,0.9993058443069458,0.9993059635162354,True,1.1920928955078125e-07,1.768681379132886e-08
test/Venomous_Snake/_afe8d134-4e76-11e6-8d8d-a42edc5c5383.jpg,Venomous_Snake,Venomous_Snake,Venomous_Snake,0.9671609997749329,0.9671608805656433,True,1.4901161193847656e-07,3.863575770424177e-08
test/Venomous_Snake/arabic-saw-scaled-viper-palestine-saw-scaled-viper-echis-coloratus-CNW8JE.jpg,Venomous_Snake,Venomous_Snake,Venomous_Snake,0.9992520213127136,0.9992520213127136,True,1.0710209608078003e-08,1.532019178185351e-09
test/Venomous_Snake/arabic-saw-scaled-viper-palestine-saw-scaled-viper-echis-coloratus-EBN3ET.jpg,Venomous_Snake,Venomous_Snake,Venomous_Snake,0.9715116620063782,0.9715116620063782,True,2.7939677238464355e-08,4.009812037963911e-09
test/Venomous_Snake/arabic-saw-scaled-viper-palestine-saw-scaled-viper-echis-coloratus-EBN3EW.jpg,Venomous_Snake,Venomous_Snake,Venomous_Snake,0.9727937579154968,0.9727935791015625,True,1.8812716007232666e-07,5.264914548774868e-08
test/Venomous_Snake/b447c6b7f0714cb8487330d3487a86c1--colorful-snakes-the-saw.jpg,Venomous_Snake,Venomous_Snake,Venomous_Snake,0.9999432563781738,0.9999432563781738,True,5.093170329928398e-11,8.63495126096625e-12
test/Venomous_Snake/bigfour-venomics-blog-7.jpg,Venomous_Snake,Venomous_Snake,Venomous_Snake,0.9986044764518738,0.9986044764518738,True,6.6356733441352844e-09,9.480159990360448e-10
test/Venomous_Snake/ca58c07171fe7897f737fb00ac7ed33e.jpg,Venomous_Snake,Venomous_Snake,Venomous_Snake,0.9996107220649719,0.9996107220649719,True,1.1059455573558807e-09,1.581234865266623e-10
test/Venomous_Snake/carpet_viper_2.jpg,Venomous_Snake,Venomous_Snake,Venomous_Snake,0.9947899580001831,0.9947899580001831,True,1.7695128917694092e-08,2.5483939403159184e-09
test/Venomous_Snake/ce2f4d7322c5e71302a9ce29bf3b74f5.jpg,Venomous_Snake,Non_Venomous_Snake,Non_Venomous_Snake,0.9937346577644348,0.9937346577644348,True,1.1641532182693481e-08,1.6694977622577767e-09
test/Venomous_Snake/coiled-sind-saw-scaled-viper.jpg,Venomous_Snake,Venomous_Snake,Venomous_Snake,0.999271810054779,0.999271810054779,True,4.773028194904327e-09,6.827371445972119e-10
test/Venomous_Snake/deadliest-world-Echis_carinatus.jpg,Venomous_Snake,Venomous_Snake,Venomous_Snake,0.9928774237632751,0.9928775429725647,True,1.1920928955078125e-07,3.339486198683517e-08
test/Venomous_Snake/dsc_5371_720.jpg,Venomous_Snake,Venomous_Snake,Venomous_Snake,0.9989773035049438,0.9989773035049438,True,1.3387762010097504e-08,1.9266519490912515e-09
test/Wild_Boar/0001.jpg,Wild_Boar,Wild_Boar,Wild_Boar,1.0,1.0,True,8.239936510889834e-18,2.3757987904630605e-18
test/Wild_Boar/0012.jpg,Wild_Boar,Wild_Boar,Wild_Boar,1.0,1.0,True,6.306066779870889e-14,1.1136924715771102e-14
test/Wild_Boar/0014.jpg,Wild_Boar,Wild_Boar,Wild_Boar,0.999459445476532,0.999459445476532,True,1.7462298274040222e-09,2.5056579033844173e-10
test/Wild_Boar/0025.jpg,Wild_Boar,Wild_Boar,Wild_Boar,1.0,1.0,True,1.8118839761882555e-13,2.5921671357792206e-14
test/Wild_Boar/0037.jpg,Wild_Boar,Wild_Boar,Wild_Boar,0.9999092817306519,0.9999092817306519,True,2.546585164964199e-10,6.293378318478204e-11
test/Wild_Boar/0041.jpg,Wild_Boar,Wild_Boar,Wild_Boar,1.0,1.0,True,8.743006318923108e-16,1.2503521849519677e-16
test/Wild_Boar/0043.jpg,Wild_Boar,Wild_Boar,Wild_Boar,1.0,1.0,True,1.4654943925052066e-14,2.099181847906072e-15
test/Wild_Boar/0062.jpg,Wild_Boar,Wild_Boar,Wild_Boar,0.9977226853370667,0.9977226853370667,True,1.816079020500183e-08,2.6507929185015655e-09
test/Wild_Boar/0069.jpg,Wild_Boar,Wild_Boar,Wild_Boar,0.9995284080505371,0.9995284080505371,True,6.6356733441352844e-09,9.890703811521462e-10
test/Wild_Boar/0080.jpg,Wild_Boar,Wild_Boar,Wild_Boar,0.9999905824661255,0.9999905824661255,True,3.0468072509393096e-10,4.3581298292405535e-11
test/Wild_Boar/0101.jpg,Wild_Boar,Wild_Boar,Wild_Boar,1.0,1.0,True,1.3233858453531866e-13,2.2615837289930232e-14
test/Wild_Boar/0107.jpg,Wild_Boar,Wild_Boar,Wild_Boar,0.9999996423721313,0.9999996423721313,True,5.684341886080801e-13,1.5278254464519414e-13
test/Wild_Boar/0108.jpg,Wild_Boar,Wild_Boar,Wild_Boar,0.9999382495880127,0.9999382495880127,True,1.760781742632389e-09,2.5156407512660905e-10
test/Wild_Boar/0120.jpg,Wild_Boar,Wild_Boar,Wild_Boar,0.9969868063926697,0.9969869256019592,True,1.1920928955078125e-07,2.9220490915804476e-08
test/Wild_Boar/0129.jpg,Wild_Boar,Wild_Boar,Wild_Boar,0.999992847442627,0.999992847442627,True,1.6780177247710526e-10,2.4503097467709622e-11
test/Wild_Boar/0134.jpg,Wild_Boar,Wild_Boar,Wild_Boar,1.0,1.0,True,1.4210854715202004e-14,2.0335475941639413e-15
test/Wild_Boar/0142.jpg,Wild_Boar,Wild_Boar,Wild_Boar,1.0,1.0,True,3.747002708109903e-15,5.381346956485563e-16
test/Wild_Boar/0153.jpg,Wild_Boar,Wild_Boar,Wild_Boar,1.0,1.0,True,1.1546319456101628e-13,1.655277545348395e-14
test/Wild_Boar/0176.jpg,Wild_Boar,Wild_Boar,Wild_Boar,0.9999985694885254,0.9999985694885254,True,9.777068044058979e-12,1.4020729022234946e-12
test/Wild_Boar/0183.jpg,Wild_Boar,Elephant,Elephant,0.8623817563056946,0.8623843789100647,True,2.6226043701171875e-06,7.508537009925931e-07
test/Wild_Boar/0187.jpg,Wild_Boar,Wild_Boar,Wild_Boar,1.0,1.0,True,1.4432899320127035e-14,3.907030948768764e-15
test/Wild_Boar/0188.jpg,Wild_Boar,Wild_Boar,Wild_Boar,0.9999996423721313,0.9999996423721313,True,2.1032064978498966e-12,3.0670705233361295e-13
test/Wild_Boar/0193.jpg,Wild_Boar,Wild_Boar,Wild_Boar,1.0,1.0,True,2.275957200481571e-15,3.261851352680202e-16
test/Wild_Boar/0196.jpg,Wild_Boar,Wild_Boar,Wild_Boar,0.9999998807907104,0.9999998807907104,True,2.4584778657299466e-12,4.867772851468999e-13
test/Wild_Boar/0234.jpg,Wild_Boar,Wild_Boar,Wild_Boar,1.0,1.0,True,4.135580766728708e-15,6.135100929819076e-16
test/Wild_Boar/0235.jpg,Wild_Boar,Wild_Boar,Wild_Boar,0.9999915361404419,0.9999915361404419,True,8.594724931754172e-11,1.576491368004973e-11
test/Wild_Boar/0239.jpg,Wild_Boar,Wild_Boar,Wild_Boar,1.0,1.0,True,6.1257422745431e-18,1.3169608706905758e-18
test/Wild_Boar/0241.jpg,Wild_Boar,Wild_Boar,Wild_Boar,0.9995249509811401,0.9995249509811401,True,2.200249582529068e-08,3.2567482044498774e-09
test/Wild_Boar/0262.jpg,Wild_Boar,Wild_Boar,Wild_Boar,0.9877322912216187,0.9877324104309082,True,1.2852251529693604e-07,3.539690496268122e-08
test/Wild_Boar/0267.jpg,Wild_Boar,Wild_Boar,Wild_Boar,0.9999996423721313,0.9999996423721313,True,8.810729923425242e-13,2.2490740010389781e-13
test/Wild_Boar/0277.jpg,Wild_Boar,Wild_Boar,Wild_Boar,0.9999829530715942,0.9999829530715942,True,9.640643838793039e-11,1.4210473943399027e-11
test/Wild_Boar/0283.jpg,Wild_Boar,Wild_Boar,Wild_Boar,0.9999572038650513,0.9999572038650513,True,2.4010660126805305e-10,3.4306418816854034e-11
test/Wild_Boar/0292.jpg,Wild_Boar,Wild_Boar,Wild_Boar,1.0,1.0,True,8.500145032286355e-17,1.2382243605957358e-17
test/Wild_Boar/0299.jpg,Wild_Boar,Wild_Boar,Wild_Boar,1.0,1.0,True,7.771561172376096e-16,1.1134949540817223e-16
test/Wild_Boar/0310.jpg,Wild_Boar,Wild_Boar,Wild_Boar,0.999998927116394,0.999998927116394,True,1.8985701899509877e-11,2.7122937142770587e-12
test/Wild_Boar/0321.jpg,Wild_Boar,Wild_Boar,Wild_Boar,0.999984860420227,0.999984860420227,True,2.5920599000528455e-10,3.711018645158326e-11
test/Wild_Boar/0325.jpg,Wild_Boar,Wild_Boar,Wild_Boar,0.9999992847442627,0.9999992847442627,True,1.9099388737231493e-11,3.0056890136520575e-12
test/Wild_Boar/0339.jpg,Wild_Boar,Wild_Boar,Wild_Boar,0.9999997615814209,0.9999997615814209,True,3.552713678800501e-12,5.123119268223009e-13
test/Wild_Boar/0352.jpg,Wild_Boar,Wild_Boar,Wild_Boar,0.9999997615814209,0.9999997615814209,True,3.069544618483633e-12,4.385511593631153e-13
test/Wild_Boar/0357.jpg,Wild_Boar,Wild_Boar,Wild_Boar,0.9999994039535522,0.9999994039535522,True,6.650680006714538e-12,9.680262234162962e-13
test/Wild_Boar/0365.jpg,Wild_Boar,Wild_Boar,Wild_Boar,0.9999998807907104,0.9999998807907104,True,7.744915819785092e-13,1.107833917375449e-13
test/Wild_Boar/0373.jpg,Wild_Boar,Wild_Boar,Wild_Boar,1.0,1.0,True,7.284483346386983e-20,1.1882067412967077e-20
test/Wild_Boar/0394.jpg,Wild_Boar,Wild_Boar,Wild_Boar,0.9999991655349731,0.9999991655349731,True,1.4779288903810084e-12,2.1345227560302937e-13
test/Wild_Boar/0423.jpg,Wild_Boar,Wild_Boar,Wild_Boar,0.9998106360435486,0.9998106360435486,True,3.41970007866621e-09,4.885336024607057e-10
test/Wild_Boar/0432.jpg,Wild_Boar,Wild_Boar,Wild_Boar,0.9999998807907104,0.9999998807907104,True,1.7905676941154525e-12,2.9604939918818907e-13
test/Wild_Boar/0437.jpg,Wild_Boar,Wild_Boar,Wild_Boar,0.999997615814209,0.999997615814209,True,8.86757334228605e-12,1.3539279289723205e-12
test/Wild_Boar/0446.jpg,Wild_Boar,Elephant,Elephant,0.9048179388046265,0.9048183560371399,True,4.172325134277344e-07,1.1814751843530757e-07
test/Wild_Boar/0460.jpg,Wild_Boar,Wild_Boar,Wild_Boar,1.0,1.0,True,5.728750807065808e-14,8.192423044746551e-15
test/Wild_Boar/0465.jpg,Wild_Boar,Wild_Boar,Wild_Boar,0.9999986886978149,0.9999986886978149,True,8.640199666842818e-12,1.2983503161478893e-12
test/Wild_Boar/0466.jpg,Wild_Boar,Wild_Boar,Wild_Boar,1.0,1.0,True,1.2576745200831851e-17,1.848150824268294e-18
test/Wild_Boar/0470.jpg,Wild_Boar,Wild_Boar,Wild_Boar,0.9999998807907104,0.9999998807907104,True,1.2505552149377763e-12,1.8068409453082107e-13
test/Wild_Boar/0479.jpg,Wild_Boar,Wild_Boar,Wild_Boar,1.0,1.0,True,8.74138001566438e-19,1.4251329337553603e-19
test/Wild_Boar/0486.jpg,Wild_Boar,Wild_Boar,Wild_Boar,1.0,1.0,True,2.2648549702353193e-14,4.4908310434883716e-15
test/Wild_Boar/0525.jpg,Wild_Boar,Wild_Boar,Wild_Boar,1.0,1.0,True,3.9745984281580604e-14,5.684710006599678e-15
test/Wild_Boar/0542.jpg,Wild_Boar,Wild_Boar,Wild_Boar,0.9999957084655762,0.9999957084655762,True,3.1377567211166024e-11,4.5766246695166934e-12
test/Wild_Boar/0545.jpg,Wild_Boar,Wild_Boar,Wild_Boar,1.0,1.0,True,4.3151246464923076e-17,1.1132121410302904e-17
test/Wild_Boar/0565.jpg,Wild_Boar,Wild_Boar,Wild_Boar,1.0,1.0,True,1.3444106938820255e-17,2.0459439775952896e-18
test/Wild_Boar/0575.jpg,Wild_Boar,Wild_Boar,Wild_Boar,1.0,1.0,True,2.7755575615628914e-15,7.337004153677078e-16
